frame_idx,adl_rng_0,adl_vel_0,adl_agl_0,adl_type_0,adl_rng_1,adl_vel_1,adl_agl_1,adl_type_1,adl_rng_2,adl_vel_2,adl_agl_2,adl_type_2,tar_mgr_rng_0,tar_mgr_vel_0,tar_mgr_agl_0,tar_mgr_solidity_0,tar_mgr_type_0,tar_mgr_rng_1,tar_mgr_vel_1,tar_mgr_agl_1,tar_mgr_solidity_1,tar_mgr_type_1,tar_mgr_rng_2,tar_mgr_vel_2,tar_mgr_agl_2,tar_mgr_solidity_2,tar_mgr_type_2,dyn_rng_0,dyn_vel_0,dyn_agl_0,dyn_q_0,dyn_ai_0,dyn_overlap_0,dyn_rng_1,dyn_vel_1,dyn_agl_1,dyn_q_1,dyn_ai_1,dyn_overlap_1,dyn_rng_2,dyn_vel_2,dyn_agl_2,dyn_q_2,dyn_ai_2,dyn_overlap_2,dyn_rng_3,dyn_vel_3,dyn_agl_3,dyn_q_3,dyn_ai_3,dyn_overlap_3,sta_rng_0,sta_vel_0,sta_agl_0,sta_q_0,sta_ai_0,sta_rng_1,sta_vel_1,sta_agl_1,sta_q_1,sta_ai_1,sta_rng_2,sta_vel_2,sta_agl_2,sta_q_2,sta_ai_2,sta_rng_3,sta_vel_3,sta_agl_3,sta_q_3,sta_ai_3
0,0.0,0.0,0.0,0,0.0,0.0,0.0,0,0,0,0,0,0.0,0.0,0.0,0,0,0.0,0.0,0.0,0,0,0,0,0,0,0,0,0.0,0.0,0.0,0.0,0.0,0,0.0,0.0,0.0,0.0,0.0,0,0.0,0.0,0.0,0.0,0.0,0,0.0,0.0,0.0,0.0,0.0,0.0,0.0,0.0,0.0,0.0,0.0,0.0,0.0,0.0,0.0,0.0,0.0,0.0,0.0,0.0,0.0,0.0,0.0,0.0,0.0
1,0.0,0.0,0.0,0,0.0,0.0,0.0,0,0,0,0,0,0.0,0.0,0.0,0,0,0.0,0.0,0.0,0,0,0,0,0,0,0,0,0.0,0.0,0.0,0.0,0.0,0,0.0,0.0,0.0,0.0,0.0,0,0.0,0.0,0.0,0.0,0.0,0,0.0,0.0,0.0,0.0,0.0,0.0,0.0,0.0,0.0,0.0,0.0,0.0,0.0,0.0,0.0,0.0,0.0,0.0,0.0,0.0,0.0,0.0,0.0,0.0,0.0
2,0.0,0.0,0.0,0,0.0,0.0,0.0,0,0,0,0,0,0.0,0.0,0.0,0,0,0.0,0.0,0.0,0,0,0,0,0,0,0,0,0.0,0.0,0.0,0.0,0.0,0,0.0,0.0,0.0,0.0,0.0,0,0.0,0.0,0.0,0.0,0.0,0,0.0,0.0,0.0,0.0,0.0,0.0,0.0,0.0,0.0,0.0,0.0,0.0,0.0,0.0,0.0,0.0,0.0,0.0,0.0,0.0,0.0,0.0,0.0,0.0,0.0
3,0.0,0.0,0.0,0,0.0,0.0,0.0,0,0,0,0,0,0.0,0.0,0.0,0,0,0.0,0.0,0.0,0,0,0,0,0,0,0,0,0.0,0.0,0.0,0.0,0.0,0,0.0,0.0,0.0,0.0,0.0,0,0.0,0.0,0.0,0.0,0.0,0,0.0,0.0,0.0,0.0,0.0,0.0,0.0,0.0,0.0,0.0,0.0,0.0,0.0,0.0,0.0,0.0,0.0,0.0,0.0,0.0,0.0,0.0,0.0,0.0,0.0
4,0.0,0.0,0.0,0,0.0,0.0,0.0,0,0,0,0,0,0.0,0.0,0.0,0,0,0.0,0.0,0.0,0,0,0,0,0,0,0,0,0.0,0.0,0.0,0.0,0.0,0,0.0,0.0,0.0,0.0,0.0,0,0.0,0.0,0.0,0.0,0.0,0,0.0,0.0,0.0,0.0,0.0,0.0,0.0,0.0,0.0,0.0,0.0,0.0,0.0,0.0,0.0,0.0,0.0,0.0,0.0,0.0,0.0,0.0,0.0,0.0,0.0
5,0.0,0.0,0.0,0,0.0,0.0,0.0,0,0,0,0,0,0.0,0.0,0.0,0,0,0.0,0.0,0.0,0,0,0,0,0,0,0,0,0.0,0.0,0.0,0.0,0.0,0,0.0,0.0,0.0,0.0,0.0,0,0.0,0.0,0.0,0.0,0.0,0,0.0,0.0,0.0,0.0,0.0,0.0,0.0,0.0,0.0,0.0,0.0,0.0,0.0,0.0,0.0,0.0,0.0,0.0,0.0,0.0,0.0,0.0,0.0,0.0,0.0
6,0.0,0.0,0.0,0,0.0,0.0,0.0,0,0,0,0,0,0.0,0.0,0.0,0,0,0.0,0.0,0.0,0,0,0,0,0,0,0,0,0.0,0.0,0.0,0.0,0.0,0,0.0,0.0,0.0,0.0,0.0,0,0.0,0.0,0.0,0.0,0.0,0,0.0,0.0,0.0,0.0,0.0,0.0,0.0,0.0,0.0,0.0,0.0,0.0,0.0,0.0,0.0,0.0,0.0,0.0,0.0,0.0,0.0,0.0,0.0,0.0,0.0
7,0.0,0.0,0.0,0,0.0,0.0,0.0,0,0,0,0,0,0.0,0.0,0.0,0,0,0.0,0.0,0.0,0,0,0,0,0,0,0,0,0.0,0.0,0.0,0.0,0.0,0,0.0,0.0,0.0,0.0,0.0,0,0.0,0.0,0.0,0.0,0.0,0,0.0,0.0,0.0,0.0,0.0,0.0,0.0,0.0,0.0,0.0,0.0,0.0,0.0,0.0,0.0,0.0,0.0,0.0,0.0,0.0,0.0,0.0,0.0,0.0,0.0
8,0.0,0.0,0.0,0,0.0,0.0,0.0,0,0,0,0,0,0.0,0.0,0.0,0,0,0.0,0.0,0.0,0,0,0,0,0,0,0,0,0.0,0.0,0.0,0.0,0.0,0,0.0,0.0,0.0,0.0,0.0,0,0.0,0.0,0.0,0.0,0.0,0,0.0,0.0,0.0,0.0,0.0,0.0,0.0,0.0,0.0,0.0,0.0,0.0,0.0,0.0,0.0,0.0,0.0,0.0,0.0,0.0,0.0,0.0,0.0,0.0,0.0
9,0.0,0.0,0.0,0,0.0,0.0,0.0,0,0,0,0,0,0.0,0.0,0.0,0,0,0.0,0.0,0.0,0,0,0,0,0,0,0,0,0.0,0.0,0.0,0.0,0.0,0,0.0,0.0,0.0,0.0,0.0,0,0.0,0.0,0.0,0.0,0.0,0,0.0,0.0,0.0,0.0,0.0,0.0,0.0,0.0,0.0,0.0,0.0,0.0,0.0,0.0,0.0,0.0,0.0,0.0,0.0,0.0,0.0,0.0,0.0,0.0,0.0
10,0.0,0.0,0.0,0,0.0,0.0,0.0,0,0,0,0,0,0.0,0.0,0.0,0,0,0.0,0.0,0.0,0,0,0,0,0,0,0,0,0.0,0.0,0.0,0.0,0.0,0,0.0,0.0,0.0,0.0,0.0,0,0.0,0.0,0.0,0.0,0.0,0,0.0,0.0,0.0,0.0,0.0,0.0,0.0,0.0,0.0,0.0,0.0,0.0,0.0,0.0,0.0,0.0,0.0,0.0,0.0,0.0,0.0,0.0,0.0,0.0,0.0        
11,0.0,0.0,0.0,0,0.0,0.0,0.0,0,0,0,0,0,0.0,0.0,0.0,0,0,0.0,0.0,0.0,0,0,0,0,0,0,0,0,0.0,0.0,0.0,0.0,0.0,0,0.0,0.0,0.0,0.0,0.0,0,0.0,0.0,0.0,0.0,0.0,0,0.0,0.0,0.0,0.0,0.0,0.0,0.0,0.0,0.0,0.0,0.0,0.0,0.0,0.0,0.0,0.0,0.0,0.0,0.0,0.0,0.0,0.0,0.0,0.0,0.0        
12,0.0,0.0,0.0,0,0.0,0.0,0.0,0,0,0,0,0,0.0,0.0,0.0,0,0,0.0,0.0,0.0,0,0,0,0,0,0,0,0,0.0,0.0,0.0,0.0,0.0,0,0.0,0.0,0.0,0.0,0.0,0,0.0,0.0,0.0,0.0,0.0,0,0.0,0.0,0.0,0.0,0.0,0.0,0.0,0.0,0.0,0.0,0.0,0.0,0.0,0.0,0.0,0.0,0.0,0.0,0.0,0.0,0.0,0.0,0.0,0.0,0.0        
13,0.0,0.0,0.0,0,0.0,0.0,0.0,0,0,0,0,0,0.0,0.0,0.0,0,0,0.0,0.0,0.0,0,0,0,0,0,0,0,6,0.07336,14.0,0.2888,0.14301,0.0,0,0.0,0.0,0.0,0.0,0.0,0,0.0,0.0,0.0,0.0,0.0,0,0.0,0.0,0.0,0.0,0.0,0.0,0.0,0.0,0.0,0.0,0.0,0.0,0.0,0.0,0.0,0.0,0.0,0.0,0.0,0.0,0.0,0.0,0.0,0.0,0.0
14,0.0,0.0,0.0,0,0.0,0.0,0.0,0,0,0,0,0,0.0,0.0,0.0,0,0,0.0,0.0,0.0,0,0,0,0,0,0,0,6,-0.07336,37.0,0.44846,0.02311,0.0,18,0.3668,59.0,0.46794,0.04298,0.6666666666666666,0,0.0,0.0,0.0,0.0,0.0,0,0.0,0.0,0.0,0.0,0.0,0.0,0.0,0.0,0.0,0.0,0.0,0.0,0.0,0.0,0.0,0.0,0.0,0.0,0.0,0.0,0.0,0.0,0.0,0.0,0.0
15,0.0,0.0,0.0,0,0.0,0.0,0.0,0,0,0,0,0,0.0,0.0,0.0,0,0,0.0,0.0,0.0,0,0,0,0,0,0,0,6,-0.22008,46.0,0.30893,0.01938,0.0,18,0.22008,67.0,0.59624,0.02409,0.0,0,0.0,0.0,0.0,0.0,0.0,0,0.0,0.0,0.0,0.0,0.0,0.0,0.0,0.0,0.0,0.0,0.0,0.0,0.0,0.0,0.0,0.0,0.0,0.0,0.0,0.0,0.0,0.0,0.0,0.0,0.0
16,0.0,0.0,0.0,0,0.0,0.0,0.0,0,0,0,0,0,0.0,0.0,0.0,0,0,0.0,0.0,0.0,0,0,0,0,0,0,0,6,-0.07336,36.0,0.47592,0.02293,0.0,17,0.14672,70.0,0.48594,0.04029,0.5,0,0.0,0.0,0.0,0.0,0.0,0,0.0,0.0,0.0,0.0,0.0,0.0,0.0,0.0,0.0,0.0,0.0,0.0,0.0,0.0,0.0,0.0,0.0,0.0,0.0,0.0,0.0,0.0,0.0,0.0,0.0
17,0.0,0.0,0.0,0,0.0,0.0,0.0,0,0,0,0,0,0.0,0.0,0.0,0,0,0.0,0.0,0.0,0,0,0,0,0,0,0,5,0.07336,33.0,0.45951,0.45505,0.0,17,0.22008,68.0,0.24294,0.07591,0.5,0,0.0,0.0,0.0,0.0,0.0,0,0.0,0.0,0.0,0.0,0.0,0.0,0.0,0.0,0.0,0.0,0.0,0.0,0.0,0.0,0.0,0.0,0.0,0.0,0.0,0.0,0.0,0.0,0.0,0.0,0.0
18,0.0,0.0,0.0,0,0.0,0.0,0.0,0,0,0,0,0,0.0,0.0,0.0,0,0,0.0,0.0,0.0,0,0,0,0,0,0,0,5,0.14672,44.0,0.81024,0.52985,0.0,40,0.29344,70.0,0.5512,0.08507,0.3333333333333333,0,0.0,0.0,0.0,0.0,0.0,0,0.0,0.0,0.0,0.0,0.0,0.0,0.0,0.0,0.0,0.0,0.0,0.0,0.0,0.0,0.0,0.0,0.0,0.0,0.0,0.0,0.0,0.0,0.0,0.0,0.0
19,0.0,0.0,0.0,0,0.0,0.0,0.0,0,0,0,0,0,0.0,0.0,0.0,0,0,0.0,0.0,0.0,0,0,0,0,0,0,0,6,0.14672,54.0,0.83223,0.83469,0.0,32,0.22008,70.0,0.29983,0.13514,0.6666666666666666,38,0.29344,70.0,0.39247,0.17822,1.0,0,0.0,0.0,0.0,0.0,0.0,0.0,0.0,0.0,0.0,0.0,0.0,0.0,0.0,0.0,0.0,0.0,0.0,0.0,0.0,0.0,0.0,0.0,0.0,0.0,0.0
20,0.0,0.0,0.0,0,0.0,0.0,0.0,0,0,0,0,0,0.0,0.0,0.0,0,0,0.0,0.0,0.0,0,0,0,0,0,0,0,6,0.22008,57.0,0.85224,0.95945,0.0,31,0.3668,63.0,0.30534,0.05674,1.0,0,0.0,0.0,0.0,0.0,0.0,0,0.0,0.0,0.0,0.0,0.0,0.0,0.0,0.0,0.0,0.0,0.0,0.0,0.0,0.0,0.0,0.0,0.0,0.0,0.0,0.0,0.0,0.0,0.0,0.0,0.0
21,0.0,0.0,0.0,0,0.0,0.0,0.0,0,0,0,0,0,5.33333,0.5,43.66667,40,0,0.0,0.0,0.0,0,0,0,0,0,0,0,6,0.3668,55.0,0.83212,0.97591,0.0,0,0.0,0.0,0.0,0.0,0.0,0,0.0,0.0,0.0,0.0,0.0,0,0.0,0.0,0.0,0.0,0.0,0.0,0.0,0.0,0.0,0.0,0.0,0.0,0.0,0.0,0.0,0.0,0.0,0.0,0.0,0.0,0.0,0.0,0.0,0.0,0.0
22,0.0,0.0,0.0,0,0.0,0.0,0.0,0,0,0,0,0,5.0,-0.33333,46.5,50,0,0.0,0.0,0.0,0,0,0,0,0,0,0,4,0.3668,55.0,0.69702,0.85228,0.0,0,0.0,0.0,0.0,0.0,0.0,0,0.0,0.0,0.0,0.0,0.0,0,0.0,0.0,0.0,0.0,0.0,0.0,0.0,0.0,0.0,0.0,0.0,0.0,0.0,0.0,0.0,0.0,0.0,0.0,0.0,0.0,0.0,0.0,0.0,0.0,0.0
23,0.0,0.0,0.0,0,0.0,0.0,0.0,0,0,0,0,0,4.93333,-0.08333,48.8,40,0,0.0,0.0,0.0,0,0,0,0,0,0,0,0,0.0,0.0,0.0,0.0,0.0,0,0.0,0.0,0.0,0.0,0.0,0,0.0,0.0,0.0,0.0,0.0,0,0.0,0.0,0.0,0.0,0.0,0.0,0.0,0.0,0.0,0.0,0.0,0.0,0.0,0.0,0.0,0.0,0.0,0.0,0.0,0.0,0.0,0.0,0.0,0.0,0.0
24,0.0,0.0,0.0,0,0.0,0.0,0.0,0,0,0,0,0,4.90333,-0.0375,53.6,30,0,0.0,0.0,0.0,0,0,0,0,0,0,0,0,0.0,0.0,0.0,0.0,0.0,0,0.0,0.0,0.0,0.0,0.0,0,0.0,0.0,0.0,0.0,0.0,0,0.0,0.0,0.0,0.0,0.0,0.0,0.0,0.0,0.0,0.0,0.0,0.0,0.0,0.0,0.0,0.0,0.0,0.0,0.0,0.0,0.0,0.0,0.0,0.0,0.0
25,0.0,0.0,0.0,0,0.0,0.0,0.0,0,0,0,0,0,4.8765,-0.28354,55.845,20,0,0.0,0.0,0.0,0,0,0,0,0,0,0,0,0.0,0.0,0.0,0.0,0.0,0,0.0,0.0,0.0,0.0,0.0,0,0.0,0.0,0.0,0.0,0.0,0,0.0,0.0,0.0,0.0,0.0,0.0,0.0,0.0,0.0,0.0,0.0,0.0,0.0,0.0,0.0,0.0,0.0,0.0,0.0,0.0,0.0,0.0,0.0,0.0,0.0
26,0.0,0.0,0.0,0,0.0,0.0,0.0,0,0,0,0,0,4.4765,0.0,59.045,30,0,0.0,0.0,0.0,0,0,0,0,0,0,0,4,-0.22008,70.0,0.61454,0.03001,0.0,30,-0.07336,-70.0,0.35285,0.07498,1.0,0,0.0,0.0,0.0,0.0,0.0,0,0.0,0.0,0.0,0.0,0.0,0.0,0.0,0.0,0.0,0.0,0.0,0.0,0.0,0.0,0.0,0.0,0.0,0.0,0.0,0.0,0.0,0.0,0.0,0.0,0.0
27,0.0,0.0,0.0,0,0.0,0.0,0.0,0,0,0,0,0,4.4765,-0.16667,34.045,40,0,0.0,0.0,0.0,0,0,0,0,0,0,0,4,-0.14672,-70.0,0.88371,0.08505,0.0,36,0.07336,-70.0,0.54298,0.78212,0.5,0,0.0,0.0,0.0,0.0,0.0,0,0.0,0.0,0.0,0.0,0.0,0.0,0.0,0.0,0.0,0.0,0.0,0.0,0.0,0.0,0.0,0.0,0.0,0.0,0.0,0.0,0.0,0.0,0.0,0.0,0.0
28,0.0,0.0,0.0,0,0.0,0.0,0.0,0,0,0,0,0,4.34317,-0.2125,10.245,50,0,0.0,0.0,0.0,0,0,0,0,0,0,0,4,-0.07336,-61.0,0.58323,0.0896,0.0,16,0.22008,-43.0,0.25519,0.01697,0.5,34,0.07336,-54.0,0.76795,0.99388,0.625,42,0.22008,-59.0,0.26695,0.27127,1.0,34.0,0.0,-55.0,1.0,0.99388,0.0,0.0,0.0,0.0,0.0,0.0,0.0,0.0,0.0,0.0,0.0,0.0,0.0,0.0,0.0
29,0.64748,-0.21646,8.12,0,0.0,0.0,0.0,0,0,0,0,0,4.17317,-0.21646,-11.755,60,0,0.0,0.0,0.0,0,0,0,0,0,0,0,4,-0.07336,-53.0,0.74471,0.04287,0.0,11,-0.14672,-32.0,0.31428,0.01777,0.4444444444444444,34,-0.07336,-59.0,0.78927,0.99223,0.375,0,0.0,0.0,0.0,0.0,0.0,34.0,0.0,-57.0,1.0,0.99223,0.0,0.0,0.0,0.0,0.0,0.0,0.0,0.0,0.0,0.0,0.0,0.0,0.0,0.0,0.0
30,0.62186,0.0,-12.14,0,0.0,0.0,0.0,0,0,0,0,0,4.0,0.0,-32.6,70,0,0.0,0.0,0.0,0,0,0,0,0,0,0,4,0.07336,-49.0,0.80958,0.83863,0.0,34,-0.07336,-57.0,0.76223,0.98123,0.6666666666666666,35,0.3668,-56.0,0.45451,0.04567,0.0,42,-0.07336,-57.0,0.56267,0.88439,1.0,20.0,0.0,70.0,0.49241,0.14304,33.0,0.0,-61.0,0.88902,0.98123,0.0,0.0,0.0,0.0,0.0,0.0,0.0,0.0,0.0,0.0
31,0.61093,0.0,-34.85125,0,0.0,0.0,0.0,0,0,0,0,0,4.0,0.0,-56.0,80,0,0.0,0.0,0.0,0,0,0,0,0,0,0,4,0.07336,-47.0,0.82515,0.15311,0.0,29,-0.29344,-49.0,0.56844,0.02895,0.3333333333333333,39,0.07336,-46.0,0.83332,0.92165,1.0,0,0.0,0.0,0.0,0.0,0.0,20.0,0.0,70.0,0.492,0.1849,33.0,0.0,-58.0,0.93505,0.97718,0.0,0.0,0.0,0.0,0.0,0.0,0.0,0.0,0.0,0.0
32,0.60484,0.0,-43.06938,0,0.0,0.0,0.0,0,0,0,0,0,4.0,0.0,-49.8,90,0,0.0,0.0,0.0,0,0,0,0,0,0,0,4,-0.22008,-39.0,0.86079,0.01483,0.0,31,-0.22008,-60.0,0.61781,0.85428,0.625,39,-0.07336,-54.0,0.66698,0.18573,1.0,0,0.0,0.0,0.0,0.0,0.0,20.0,0.0,68.0,0.49538,0.13421,33.0,0.0,-56.0,0.90351,0.85428,0.0,0.0,0.0,0.0,0.0,0.0,0.0,0.0,0.0,0.0
33,0.60162,0.0,-34.02219,0,0.0,0.0,0.0,0,0,0,0,0,4.0,0.0,-23.6,100,0,0.0,0.0,0.0,0,0,0,0,0,0,0,4,-0.3668,70.0,0.88837,0.96123,0.0,19,-0.14672,-27.0,0.40865,0.43312,0.6,30,-0.3668,-54.0,0.42727,0.37805,1.0,33,-0.07336,-57.0,0.77331,0.62869,0.2,18.0,0.0,-14.0,0.81642,0.10727,34.0,0.0,-55.0,0.90019,0.62869,0.0,0.0,0.0,0.0,0.0,0.0,0.0,0.0,0.0,0.0
34,0.6,0.0,-27.4625,0,0.0,0.0,0.0,0,0,0,0,0,4.0,0.0,-19.6,110,0,0.0,0.0,0.0,0,0,0,0,0,0,0,4,-0.51352,-33.0,0.84429,0.34867,0.0,20,-0.07336,-18.0,0.4504,0.05059,0.0,31,-0.22008,-56.0,0.69215,0.98481,0.5454545454545454,45,-0.07336,-39.0,0.55233,0.01866,0.5,18.0,0.0,-13.0,0.84517,0.05059,34.0,0.0,-56.0,0.92782,0.98481,0.0,0.0,0.0,0.0,0.0,0.0,0.0,0.0,0.0,0.0
35,0.6,0.0,-21.9625,0,0.0,0.0,0.0,0,0,0,0,0,4.0,0.0,-15.0,120,0,0.0,0.0,0.0,0,0,0,0,0,0,0,4,-0.58688,-28.0,0.65854,0.21593,0.0,19,-0.07336,-17.0,0.33329,0.04208,0.0,26,-0.07336,-10.0,0.45628,0.08133,1.0,31,-0.44016,-40.0,0.32279,0.04555,1.0,18.0,0.0,-14.0,0.86668,0.04208,34.0,0.0,-56.0,0.92778,0.57888,0.0,0.0,0.0,0.0,0.0,0.0,0.0,0.0,0.0,0.0
36,0.615,0.25,-14.9875,0,0.0,0.0,0.0,0,0,0,0,0,4.2,0.25,-8.4,130,0,0.0,0.0,0.0,0,0,0,0,0,0,0,5,-0.51352,-17.0,0.74564,0.79672,0.0,21,-0.44016,-0.0,0.63213,0.21305,1.0,0,0.0,0.0,0.0,0.0,0.0,0,0.0,0.0,0.0,0.0,0.0,18.0,0.0,-14.0,0.86575,0.08446,34.0,0.0,-56.0,0.92449,0.49442,0.0,0.0,0.0,0.0,0.0,0.0,0.0,0.0,0.0,0.0
37,0.6375,0.25,-8.375,0,0.0,0.0,0.0,0,0,0,0,0,4.4,0.25,-3.4,140,0,0.0,0.0,0.0,0,0,0,0,0,0,0,5,-0.44016,-14.0,0.77036,0.73363,0.0,20,-0.22008,-7.0,0.7673,0.1045,0.7142857142857143,36,-0.14672,-24.0,0.22331,0.03741,1.0,0,0.0,0.0,0.0,0.0,0.0,18.0,0.0,-15.0,0.8424,0.1045,34.0,0.0,-56.0,0.93207,0.53622,0.0,0.0,0.0,0.0,0.0,0.0,0.0,0.0,0.0,0.0
38,0.67875,0.5,-13.3625,0,0.0,0.0,0.0,0,0,0,0,0,4.8,0.5,-18.6,150,0,0.0,0.0,0.0,0,0,0,0,0,0,0,6,-0.22008,-6.0,0.88657,0.05422,0.0,18,-0.29344,-2.0,0.36044,0.0431,1.0,0,0.0,0.0,0.0,0.0,0.0,0,0.0,0.0,0.0,0.0,0.0,18.0,0.0,-15.0,0.83267,0.11808,34.0,0.0,-56.0,0.94831,0.60355,0.0,0.0,0.0,0.0,0.0,0.0,0.0,0.0,0.0,0.0
39,0.72938,0.5,-12.5375,0,0.0,0.0,0.0,0,0,0,0,0,5.2,0.5,-12.0,160,0,0.0,0.0,0.0,0,0,0,0,0,0,0,6,-0.22008,-0.0,0.83335,0.04778,0.0,19,-0.22008,1.0,0.71647,0.03313,1.0,0,0.0,0.0,0.0,0.0,0.0,0,0.0,0.0,0.0,0.0,0.0,18.0,0.0,-14.0,0.83942,0.1307,34.0,0.0,-56.0,0.97453,0.63099,0.0,0.0,0.0,0.0,0.0,0.0,0.0,0.0,0.0,0.0
40,0.78562,0.25,-9.2625,0,0.0,0.0,0.0,0,0,0,0,0,5.6,0.25,-6.4,170,0,0.0,0.0,0.0,0,0,0,0,0,0,0,6,-0.22008,2.0,0.87708,0.0166,0.0,20,-0.22008,6.0,0.56274,0.84909,1.0,32,-0.58688,34.0,0.43572,0.11997,1.0,0,0.0,0.0,0.0,0.0,0.0,18.0,0.0,-11.0,0.85425,0.11602,34.0,0.0,-56.0,0.98388,0.80545,0.0,0.0,0.0,0.0,0.0,0.0,0.0,0.0,0.0,0.0
41,0.82875,0.25,-4.675,0,0.0,0.0,0.0,0,0,0,0,0,5.8,0.25,-0.4,180,0,0.0,0.0,0.0,0,0,0,0,0,0,0,6,-0.3668,16.0,0.56884,0.92923,0.0,21,-0.22008,10.0,0.54505,0.06707,0.0,33,-0.58688,48.0,0.50078,0.10605,1.0,0,0.0,0.0,0.0,0.0,0.0,18.0,0.0,-9.0,0.86572,0.08345,34.0,0.0,-55.0,0.97252,0.84554,0.0,0.0,0.0,0.0,0.0,0.0,0.0,0.0,0.0,0.0
42,0.88125,0.25,0.7875,0,0.0,0.0,0.0,0,0,0,0,0,6.2,0.25,7.2,190,0,0.0,0.0,0.0,0,0,0,0,0,0,0,7,-0.51352,25.0,0.63537,0.97117,0.0,20,-0.29344,17.0,0.56736,0.77784,0.3333333333333333,34,-0.58688,53.0,0.50172,0.14241,0.5,0,0.0,0.0,0.0,0.0,0.0,18.0,0.0,-8.0,0.8689,0.07589,34.0,0.0,-55.0,0.96272,0.63811,0.0,0.0,0.0,0.0,0.0,0.0,0.0,0.0,0.0,0.0
43,0.9225,0.25,7.7,0,0.0,0.0,0.0,0,0,0,0,0,6.4,0.25,14.2,200,0,0.0,0.0,0.0,0,0,0,0,0,0,0,7,-0.66024,27.0,0.91769,0.96746,0.0,21,-0.22008,14.0,0.42345,0.08001,0.0,34,-0.58688,50.0,0.45025,0.03114,0.5,40,-0.51352,50.0,0.30429,0.19399,0.6666666666666666,18.0,0.0,-6.0,0.86097,0.06113,34.0,0.0,-56.0,0.96612,0.1784,0.0,0.0,0.0,0.0,0.0,0.0,0.0,0.0,0.0,0.0
44,0.95812,0.25,13.825,0,0.0,0.0,0.0,0,0,0,0,0,6.6,0.25,19.6,210,0,0.0,0.0,0.0,0,0,0,0,0,0,0,7,-0.7336,28.0,0.87406,0.16096,0.0,14,-0.58688,20.0,0.48428,0.19527,1.0,14,-0.58688,-50.0,0.48428,0.19527,1.0,22,-0.14672,15.0,0.22059,0.04674,0.0,18.0,0.0,-6.0,0.83143,0.08038,34.0,0.0,-54.0,0.94955,0.07707,0.0,0.0,0.0,0.0,0.0,0.0,0.0,0.0,0.0,0.0
45,1.005,0.5,19.8,0,0.0,0.0,0.0,0,0,0,0,0,7.0,0.5,25.4,220,0,0.0,0.0,0.0,0,0,0,0,0,0,0,8,-0.88031,30.0,0.84353,0.96591,0.0,14,-0.58688,21.0,0.54608,0.05049,1.0,26,0.88031,42.0,0.2749,0.02079,1.0,36,-0.88031,48.0,0.71056,0.402,0.6666666666666666,20.0,0.0,31.0,0.49016,0.11322,34.0,0.0,-35.0,0.73439,0.07234,0.0,0.0,0.0,0.0,0.0,0.0,0.0,0.0,0.0,0.0
46,1.07437,0.5,25.0375,0,0.0,0.0,0.0,0,0,0,0,0,7.6,0.5,29.8,230,0,0.0,0.0,0.0,0,0,0,0,0,0,0,9,-0.7336,36.0,0.76331,0.9654,0.0,12,-0.22008,23.0,0.35294,0.12831,0.0,15,-0.58688,21.0,0.38692,0.77311,1.0,27,-0.29344,48.0,0.32122,0.03733,0.5,0.0,0.0,0.0,0.0,0.0,0.0,0.0,0.0,0.0,0.0,0.0,0.0,0.0,0.0,0.0,0.0,0.0,0.0,0.0,0.0
47,1.18312,1.25,29.4375,0,0.0,0.0,0.0,0,0,0,0,0,8.6,1.25,33.4,240,0,0.0,0.0,0.0,0,0,0,0,0,0,0,12,-0.66024,34.0,0.82098,0.0223,0.0,12,-1.02703,34.0,0.55295,0.68076,0.0,0,0.0,0.0,0.0,0.0,0.0,0,0.0,0.0,0.0,0.0,0.0,32.0,0.0,-22.0,0.8181,0.09176,0.0,0.0,0.0,0.0,0.0,0.0,0.0,0.0,0.0,0.0,0.0,0.0,0.0,0.0,0.0
48,1.2825,0.75,31.9875,0,0.0,0.0,0.0,0,0,0,0,0,9.2,0.75,34.2,225,0,0.0,0.0,0.0,0,0,0,0,0,0,0,10,-0.7336,31.0,0.9106,0.01693,0.0,13,0.58688,38.0,0.63366,0.01536,1.0,22,-0.14672,21.0,0.27974,0.03596,0.0,36,-0.7336,49.0,0.55718,0.03393,0.5,6.0,0.0,10.0,0.0,0.82396,0.0,0.0,0.0,0.0,0.0,0.0,0.0,0.0,0.0,0.0,0.0,0.0,0.0,0.0,0.0
49,1.39312,0.75,34.275,0,0.0,0.0,0.0,0,0,0,0,0,10.0,0.75,36.2,220,0,0.0,0.0,0.0,0,0,0,0,0,0,0,11,-0.88031,34.0,0.90253,0.97594,0.0,22,-0.44016,22.0,0.50731,0.14769,1.0,42,-0.80696,51.0,0.40146,0.06044,0.75,0,0.0,0.0,0.0,0.0,0.0,0.0,0.0,0.0,0.0,0.0,0.0,0.0,0.0,0.0,0.0,0.0,0.0,0.0,0.0,0.0,0.0,0.0,0.0,0.0,0.0
50,1.50938,0.75,35.975,0,0.0,0.0,0.0,0,0,0,0,0,10.8,0.75,37.4,215,0,0.0,0.0,0.0,0,0,0,0,0,0,0,12,-0.88031,34.0,0.90942,0.9966,0.0,40,0.07336,49.0,0.81373,0.98004,0.0,0,0.0,0.0,0.0,0.0,0.0,0,0.0,0.0,0.0,0.0,0.0,40.0,0.0,50.0,0.81623,0.98004,0.0,0.0,0.0,0.0,0.0,0.0,0.0,0.0,0.0,0.0,0.0,0.0,0.0,0.0,0.0
51,1.62938,0.25,37.0,0,0.0,0.0,0.0,0,0,0,0,0,11.6,0.25,37.8,210,0,0.0,0.0,0.0,0,0,0,0,0,0,0,13,-0.7336,37.0,0.80034,0.01023,0.0,17,-0.07336,36.0,0.33867,0.29801,0.0,32,-0.3668,35.0,0.23237,0.28018,0.0,39,-0.95367,55.0,0.74888,0.81585,0.5,40.0,0.0,50.0,0.85488,0.22126,0.0,0.0,0.0,0.0,0.0,0.0,0.0,0.0,0.0,0.0,0.0,0.0,0.0,0.0,0.0
52,1.7175,1.0,37.825,0,0.0,0.0,0.0,0,0,0,0,0,12.0,1.0,38.6,205,0,0.0,0.0,0.0,0,0,0,0,0,0,0,14,-0.7336,44.0,0.81975,0.00917,0.0,17,-0.29344,34.0,0.76055,0.08022,0.0,40,-0.7336,58.0,0.57248,0.03256,0.6666666666666666,0,0.0,0.0,0.0,0.0,0.0,40.0,0.0,53.0,0.92193,0.13554,0.0,0.0,0.0,0.0,0.0,0.0,0.0,0.0,0.0,0.0,0.0,0.0,0.0,0.0,0.0
53,1.8375,1.0,39.275,0,0.0,0.0,0.0,0,0,0,0,0,13.0,1.0,40.6,200,0,0.0,0.0,0.0,0,0,0,0,0,0,0,15,-0.80696,40.0,0.79772,0.73419,0.0,18,-0.14672,41.0,0.35365,0.11684,0.0,23,-0.44016,25.0,0.32388,0.33471,1.0,0,0.0,0.0,0.0,0.0,0.0,40.0,0.0,53.0,1.0,0.22453,0.0,0.0,0.0,0.0,0.0,0.0,0.0,0.0,0.0,0.0,0.0,0.0,0.0,0.0,0.0
54,1.9275,0.25,40.375,0,0.0,0.0,0.0,0,0,0,0,0,13.4,0.25,41.4,195,0,0.0,0.0,0.0,0,0,0,0,0,0,0,13,-0.88031,38.0,0.57477,0.99529,0.0,19,-0.88031,33.0,0.32294,0.52706,1.0,24,-0.51352,26.0,0.31824,0.05327,1.0,32,-0.22008,48.0,0.55215,0.21454,0.08333333333333333,40.0,0.0,52.0,1.0,0.25662,0.0,0.0,0.0,0.0,0.0,0.0,0.0,0.0,0.0,0.0,0.0,0.0,0.0,0.0,0.0
55,1.9875,0.0,41.0,0,0.0,0.0,0.0,0,0,0,0,0,13.6,0.0,41.6,205,0,0.0,0.0,0.0,0,0,0,0,0,0,0,13,-0.95367,37.0,0.57184,0.98736,0.0,20,-0.88031,35.0,0.46835,0.78526,1.0,20,-0.88031,-38.0,0.46835,0.78526,1.0,32,-0.3668,32.0,0.64353,0.76518,0.0,40.0,0.0,51.0,1.0,0.23987,0.0,0.0,0.0,0.0,0.0,0.0,0.0,0.0,0.0,0.0,0.0,0.0,0.0,0.0,0.0
56,2.12062,1.5,41.325,0,0.0,0.0,0.0,0,0,0,0,0,15.0,1.5,41.6,215,0,0.0,0.0,0.0,0,0,0,0,0,0,0,18,0.88031,36.0,0.3405,0.10333,0.0,18,0.88031,-34.0,0.3405,0.10333,0.0,20,-0.80696,38.0,0.6642,0.32036,0.0,33,-0.44016,51.0,0.62782,0.96151,1.0,40.0,0.0,50.0,1.0,0.33462,0.0,0.0,0.0,0.0,0.0,0.0,0.0,0.0,0.0,0.0,0.0,0.0,0.0,0.0,0.0
57,2.28,1.25,40.725,0,0.0,0.0,0.0,0,0,0,0,0,16.2,1.25,40.0,225,0,0.0,0.0,0.0,0,0,0,0,0,0,0,17,-0.80696,38.0,0.3732,0.02161,0.0,20,-0.29344,38.0,0.82158,0.13849,0.0,0,0.0,0.0,0.0,0.0,0.0,0,0.0,0.0,0.0,0.0,0.0,40.0,0.0,50.0,1.0,0.24986,0.0,0.0,0.0,0.0,0.0,0.0,0.0,0.0,0.0,0.0,0.0,0.0,0.0,0.0,0.0
58,2.44688,2.0,39.9875,0,0.0,0.0,0.0,0,0,0,0,0,17.4,2.0,39.2,220,0,0.0,0.0,0.0,0,0,0,0,0,0,0,21,-0.66024,37.0,0.96394,0.42285,0.0,33,-0.51352,41.0,0.51191,0.08992,0.75,0,0.0,0.0,0.0,0.0,0.0,0,0.0,0.0,0.0,0.0,0.0,40.0,0.0,50.0,1.0,0.271,0.0,0.0,0.0,0.0,0.0,0.0,0.0,0.0,0.0,0.0,0.0,0.0,0.0,0.0,0.0
59,2.64938,2.0,39.0,0,0.0,0.0,0.0,0,0,0,0,0,19.0,2.0,38.0,230,0,0.0,0.0,0.0,0,0,0,0,0,0,0,21,-0.80696,38.0,0.57158,0.91486,0.0,21,-0.80696,-53.0,0.5,0.91486,0.0,34,-0.44016,51.0,0.49835,0.06344,1.0,0,0.0,0.0,0.0,0.0,0.0,40.0,0.0,49.0,1.0,0.2617,0.0,0.0,0.0,0.0,0.0,0.0,0.0,0.0,0.0,0.0,0.0,0.0,0.0,0.0,0.0
60,2.87625,0.25,38.7,0,0.0,0.0,0.0,0,0,0,0,0,20.6,0.25,38.4,225,0,0.0,0.0,0.0,0,0,0,0,0,0,0,21,-0.7336,35.0,0.58398,0.03361,0.0,24,1.02703,40.0,0.48887,0.18615,1.0,34,-0.58688,39.0,0.65464,0.02122,0.75,0,0.0,0.0,0.0,0.0,0.0,40.0,0.0,44.0,1.0,0.15021,0.0,0.0,0.0,0.0,0.0,0.0,0.0,0.0,0.0,0.0,0.0,0.0,0.0,0.0,0.0
61,3.04875,1.0,38.4,0,0.0,0.0,0.0,0,0,0,0,0,21.4,1.0,38.2,220,0,0.0,0.0,0.0,0,0,0,0,0,0,0,24,-0.14672,39.0,0.83354,0.29765,0.0,34,-0.44016,19.0,0.26901,0.00994,0.75,0,0.0,0.0,0.0,0.0,0.0,0,0.0,0.0,0.0,0.0,0.0,40.0,0.0,41.0,1.0,0.12962,0.0,0.0,0.0,0.0,0.0,0.0,0.0,0.0,0.0,0.0,0.0,0.0,0.0,0.0,0.0
62,3.195,0.75,38.675,0,0.0,0.0,0.0,0,0,0,0,0,22.2,0.75,39.0,230,0,0.0,0.0,0.0,0,0,0,0,0,0,0,24,-0.44016,39.0,0.66212,0.99712,0.0,41,-0.07336,49.0,0.32787,0.01684,0.3333333333333333,0,0.0,0.0,0.0,0.0,0.0,0,0.0,0.0,0.0,0.0,0.0,40.0,0.0,42.0,1.0,0.13845,0.0,0.0,0.0,0.0,0.0,0.0,0.0,0.0,0.0,0.0,0.0,0.0,0.0,0.0,0.0
63,3.285,0.25,38.9,0,0.0,0.0,0.0,0,0,0,0,0,22.4,0.25,39.2,240,0,0.0,0.0,0.0,0,0,0,0,0,0,0,22,-0.58688,37.0,0.91908,0.84363,0.0,24,-0.22008,39.0,0.37798,0.01308,0.0,0,0.0,0.0,0.0,0.0,0.0,0,0.0,0.0,0.0,0.0,0.0,40.0,0.0,44.0,1.0,0.13027,0.0,0.0,0.0,0.0,0.0,0.0,0.0,0.0,0.0,0.0,0.0,0.0,0.0,0.0,0.0
64,3.345,0.25,39.4625,0,0.0,0.0,0.0,0,0,0,0,0,22.6,0.25,40.0,240,0,0.0,0.0,0.0,0,0,0,0,0,0,0,22,-0.7336,36.0,0.87115,0.99939,0.0,24,-0.51352,37.0,0.65803,0.99262,0.0,44,-0.29344,53.0,0.56435,0.0159,0.0,0,0.0,0.0,0.0,0.0,0.0,24.0,0.0,35.0,0.6567,0.99939,40.0,0.0,44.0,0.81741,0.28347,0.0,0.0,0.0,0.0,0.0,0.0,0.0,0.0,0.0,0.0
65,3.41625,0.0,40.125,0,0.0,0.0,0.0,0,0,0,0,0,23.2,0.0,40.8,240,0,0.0,0.0,0.0,0,0,0,0,0,0,0,24,-0.7336,36.0,0.83259,0.99974,0.0,36,-0.44016,33.0,0.28067,0.08514,1.0,0,0.0,0.0,0.0,0.0,0.0,0,0.0,0.0,0.0,0.0,0.0,24.0,0.0,39.0,0.67332,0.99974,40.0,0.0,45.0,0.76728,0.33271,0.0,0.0,0.0,0.0,0.0,0.0,0.0,0.0,0.0,0.0
66,3.43687,-0.25,40.1875,0,0.0,0.0,0.0,0,0,0,0,0,23.0,-0.25,40.2,240,0,0.0,0.0,0.0,0,0,0,0,0,0,0,23,-0.7336,37.0,0.51174,0.99772,0.0,26,-0.29344,36.0,0.83555,0.07342,0.0,0,0.0,0.0,0.0,0.0,0.0,0,0.0,0.0,0.0,0.0,0.0,20.0,0.0,39.0,0.39301,0.99772,40.0,0.0,46.0,0.62486,0.30566,0.0,0.0,0.0,0.0,0.0,0.0,0.0,0.0,0.0,0.0
67,3.47438,1.0,39.5,0,0.0,0.0,0.0,0,0,0,0,0,23.4,1.0,38.8,240,0,0.0,0.0,0.0,0,0,0,0,0,0,0,26,-0.44016,35.0,0.79374,0.89491,0.0,38,-0.44016,38.0,0.39796,0.16984,1.0,0,0.0,0.0,0.0,0.0,0.0,0,0.0,0.0,0.0,0.0,0.0,20.0,0.0,39.0,0.44098,0.99793,40.0,0.0,47.0,0.55935,0.20048,0.0,0.0,0.0,0.0,0.0,0.0,0.0,0.0,0.0,0.0
68,3.55312,1.0,38.575,0,0.0,0.0,0.0,0,0,0,0,0,24.2,1.0,37.6,240,0,0.0,0.0,0.0,0,0,0,0,0,0,0,26,-0.44016,34.0,0.92871,0.86125,0.0,38,-0.29344,44.0,0.61985,0.58524,0.8571428571428571,0,0.0,0.0,0.0,0.0,0.0,0,0.0,0.0,0.0,0.0,0.0,20.0,0.0,39.0,0.48,0.99852,40.0,0.0,48.0,0.66617,0.27385,0.0,0.0,0.0,0.0,0.0,0.0,0.0,0.0,0.0,0.0
69,3.65438,0.5,37.7125,0,0.0,0.0,0.0,0,0,0,0,0,25.0,0.5,36.8,240,0,0.0,0.0,0.0,0,0,0,0,0,0,0,26,-0.51352,33.0,0.79244,0.96768,0.0,38,-0.29344,49.0,0.34388,0.03327,1.0,0,0.0,0.0,0.0,0.0,0.0,0,0.0,0.0,0.0,0.0,0.0,24.0,0.0,40.0,0.74631,0.94099,40.0,0.0,48.0,0.77536,0.03327,0.0,0.0,0.0,0.0,0.0,0.0,0.0,0.0,0.0,0.0
70,3.74625,1.0,36.0375,0,0.0,0.0,0.0,0,0,0,0,0,25.6,1.0,34.4,240,0,0.0,0.0,0.0,0,0,0,0,0,0,0,27,-0.80696,30.0,0.86696,0.10762,0.0,38,-0.58688,44.0,0.39346,0.00687,1.0,0,0.0,0.0,0.0,0.0,0.0,0,0.0,0.0,0.0,0.0,0.0,24.0,0.0,40.0,0.8,0.98182,40.0,0.0,49.0,0.84086,0.22509,0.0,0.0,0.0,0.0,0.0,0.0,0.0,0.0,0.0,0.0
71,3.87,0.5,34.675,0,0.0,0.0,0.0,0,0,0,0,0,26.6,0.5,33.4,240,0,0.0,0.0,0.0,0,0,0,0,0,0,0,28,-0.80696,29.0,0.61024,0.95054,0.0,39,-0.58688,41.0,0.62014,0.02758,1.0,0,0.0,0.0,0.0,0.0,0.0,0,0.0,0.0,0.0,0.0,0.0,24.0,0.0,39.0,0.8,0.98471,40.0,0.0,49.0,0.87292,0.3241,0.0,0.0,0.0,0.0,0.0,0.0,0.0,0.0,0.0,0.0
72,3.96375,0.5,33.7,0,0.0,0.0,0.0,0,0,0,0,0,27.0,0.5,32.8,240,0,0.0,0.0,0.0,0,0,0,0,0,0,0,28,-0.3668,31.0,0.78411,0.97453,0.0,40,-0.51352,39.0,0.74507,0.03863,1.0,0,0.0,0.0,0.0,0.0,0.0,0,0.0,0.0,0.0,0.0,0.0,24.0,0.0,37.0,1.0,0.98121,40.0,0.0,49.0,0.84229,0.22086,0.0,0.0,0.0,0.0,0.0,0.0,0.0,0.0,0.0,0.0
73,4.04062,0.5,32.725,0,0.0,0.0,0.0,0,0,0,0,0,27.4,0.5,31.8,240,0,0.0,0.0,0.0,0,0,0,0,0,0,0,28,-0.29344,29.0,0.79484,0.27856,0.0,40,-0.3668,41.0,0.64744,0.55136,0.5833333333333334,0,0.0,0.0,0.0,0.0,0.0,0,0.0,0.0,0.0,0.0,0.0,24.0,0.0,37.0,0.98176,0.98569,24.0,0.0,-43.0,0.5,0.98569,40.0,0.0,44.0,0.69988,0.55136,0.0,0.0,0.0,0.0,0.0
74,4.09312,0.0,31.5875,0,0.0,0.0,0.0,0,0,0,0,0,27.6,0.0,30.6,225,0,0.0,0.0,0.0,0,0,0,0,0,0,0,27,-0.44016,30.0,0.71289,0.03133,0.0,36,-0.44016,19.0,0.32777,0.0172,0.5,40,-0.58688,40.0,0.77675,0.05164,1.0,0,0.0,0.0,0.0,0.0,0.0,25.0,0.0,37.0,0.65431,0.1287,40.0,0.0,-8.0,0.37339,0.1103,0.0,0.0,0.0,0.0,0.0,0.0,0.0,0.0,0.0,0.0
75,4.12125,-0.25,30.9625,0,0.0,0.0,0.0,0,0,0,0,0,27.6,-0.25,30.4,215,0,0.0,0.0,0.0,0,0,0,0,0,0,0,27,-0.44016,31.0,0.76496,0.9181,0.0,41,-0.58688,40.0,0.72028,0.00627,1.0,0,0.0,0.0,0.0,0.0,0.0,0,0.0,0.0,0.0,0.0,0.0,26.0,0.0,37.0,0.8,0.9181,0.0,0.0,0.0,0.0,0.0,0.0,0.0,0.0,0.0,0.0,0.0,0.0,0.0,0.0,0.0
76,4.1625,0.5,30.1625,0,0.0,0.0,0.0,0,0,0,0,0,28.0,0.5,29.4,205,0,0.0,0.0,0.0,0,0,0,0,0,0,0,30,-0.22008,26.0,0.80568,0.08779,0.0,41,-0.51352,36.0,0.29754,0.02569,1.0,0,0.0,0.0,0.0,0.0,0.0,0,0.0,0.0,0.0,0.0,0.0,26.0,0.0,37.0,0.74709,0.12175,0.0,0.0,0.0,0.0,0.0,0.0,0.0,0.0,0.0,0.0,0.0,0.0,0.0,0.0,0.0
77,4.18313,0.0,29.05,0,0.0,0.0,0.0,0,0,0,0,0,28.0,0.0,28.0,195,0,0.0,0.0,0.0,0,0,0,0,0,0,0,28,-0.29344,25.0,0.72109,0.11021,0.0,0,0.0,0.0,0.0,0.0,0.0,0,0.0,0.0,0.0,0.0,0.0,0,0.0,0.0,0.0,0.0,0.0,26.0,0.0,35.0,0.77076,0.44659,0.0,0.0,0.0,0.0,0.0,0.0,0.0,0.0,0.0,0.0,0.0,0.0,0.0,0.0,0.0
78,4.1925,0.25,27.9875,0,0.0,0.0,0.0,0,0,0,0,0,28.0,0.25,27.0,185,0,0.0,0.0,0.0,0,0,0,0,0,0,0,28,-0.29344,24.0,0.88205,0.22545,0.0,42,-0.29344,38.0,0.37598,0.01939,0.6666666666666666,0,0.0,0.0,0.0,0.0,0.0,0,0.0,0.0,0.0,0.0,0.0,26.0,0.0,36.0,0.75135,0.27539,0.0,0.0,0.0,0.0,0.0,0.0,0.0,0.0,0.0,0.0,0.0,0.0,0.0,0.0,0.0
79,4.25625,1.0,27.1875,0,0.0,0.0,0.0,0,0,0,0,0,28.8,1.0,26.4,175,0,0.0,0.0,0.0,0,0,0,0,0,0,0,31,-0.3668,26.0,0.74533,0.43051,0.0,0,0.0,0.0,0.0,0.0,0.0,0,0.0,0.0,0.0,0.0,0.0,0,0.0,0.0,0.0,0.0,0.0,26.0,0.0,37.0,0.94879,0.58017,0.0,0.0,0.0,0.0,0.0,0.0,0.0,0.0,0.0,0.0,0.0,0.0,0.0,0.0,0.0
80,4.335,0.0,26.1625,0,0.0,0.0,0.0,0,0,0,0,0,29.4,0.0,25.2,180,0,0.0,0.0,0.0,0,0,0,0,0,0,0,30,-0.3668,25.0,0.84592,0.95001,0.0,0,0.0,0.0,0.0,0.0,0.0,0,0.0,0.0,0.0,0.0,0.0,0,0.0,0.0,0.0,0.0,0.0,26.0,0.0,35.0,0.88328,0.31848,0.0,0.0,0.0,0.0,0.0,0.0,0.0,0.0,0.0,0.0,0.0,0.0,0.0,0.0,0.0
81,4.3725,0.5,25.9375,0,0.0,0.0,0.0,0,0,0,0,0,29.4,0.5,25.8,200,0,0.0,0.0,0.0,0,0,0,0,0,0,0,30,-0.3668,25.0,0.72495,0.58649,0.0,0,0.0,0.0,0.0,0.0,0.0,0,0.0,0.0,0.0,0.0,0.0,0,0.0,0.0,0.0,0.0,0.0,26.0,0.0,34.0,0.65767,0.19842,0.0,0.0,0.0,0.0,0.0,0.0,0.0,0.0,0.0,0.0,0.0,0.0,0.0,0.0,0.0
82,4.43625,0.75,25.4375,0,0.0,0.0,0.0,0,0,0,0,0,30.0,0.75,25.0,210,0,0.0,0.0,0.0,0,0,0,0,0,0,0,31,-0.14672,21.0,0.84971,0.94341,0.0,0,0.0,0.0,0.0,0.0,0.0,0,0.0,0.0,0.0,0.0,0.0,0,0.0,0.0,0.0,0.0,0.0,0.0,0.0,0.0,0.0,0.0,0.0,0.0,0.0,0.0,0.0,0.0,0.0,0.0,0.0,0.0,0.0,0.0,0.0,0.0,0.0
83,4.50188,-0.25,24.7,0,0.0,0.0,0.0,0,0,0,0,0,30.4,-0.25,24.0,220,0,0.0,0.0,0.0,0,0,0,0,0,0,0,30,-0.14672,19.0,0.84576,0.95761,0.0,0,0.0,0.0,0.0,0.0,0.0,0,0.0,0.0,0.0,0.0,0.0,0,0.0,0.0,0.0,0.0,0.0,0.0,0.0,0.0,0.0,0.0,0.0,0.0,0.0,0.0,0.0,0.0,0.0,0.0,0.0,0.0,0.0,0.0,0.0,0.0,0.0
84,4.54875,0.5,23.7125,0,0.0,0.0,0.0,0,0,0,0,0,30.6,0.5,22.8,240,0,0.0,0.0,0.0,0,0,0,0,0,0,0,32,0.14672,20.0,0.91816,0.95704,0.0,44,-0.14672,37.0,0.35908,0.03461,0.5,0,0.0,0.0,0.0,0.0,0.0,0,0.0,0.0,0.0,0.0,0.0,30.0,0.0,19.0,1.0,0.95704,0.0,0.0,0.0,0.0,0.0,0.0,0.0,0.0,0.0,0.0,0.0,0.0,0.0,0.0,0.0
85,4.58437,0.25,22.775,0,0.0,0.0,0.0,0,0,0,0,0,30.8,0.25,21.8,240,0,0.0,0.0,0.0,0,0,0,0,0,0,0,31,0.22008,20.0,0.84756,0.99833,0.0,0,0.0,0.0,0.0,0.0,0.0,0,0.0,0.0,0.0,0.0,0.0,0,0.0,0.0,0.0,0.0,0.0,30.0,0.0,19.0,1.0,0.99833,0.0,0.0,0.0,0.0,0.0,0.0,0.0,0.0,0.0,0.0,0.0,0.0,0.0,0.0,0.0
86,4.62,0.0,21.1625,0,0.0,0.0,0.0,0,0,0,0,0,31.0,0.0,19.6,240,0,0.0,0.0,0.0,0,0,0,0,0,0,0,31,0.3668,21.0,0.77615,0.80352,0.0,0,0.0,0.0,0.0,0.0,0.0,0,0.0,0.0,0.0,0.0,0.0,0,0.0,0.0,0.0,0.0,0.0,30.0,0.0,20.0,1.0,0.80352,0.0,0.0,0.0,0.0,0.0,0.0,0.0,0.0,0.0,0.0,0.0,0.0,0.0,0.0,0.0
87,4.62187,0.0,20.05,0,0.0,0.0,0.0,0,0,0,0,0,30.8,0.0,19.0,225,0,0.0,0.0,0.0,0,0,0,0,0,0,0,30,0.29344,18.0,0.92159,0.90987,0.0,45,-0.07336,33.0,0.24638,0.52588,0.0,0,0.0,0.0,0.0,0.0,0.0,0,0.0,0.0,0.0,0.0,0.0,30.0,0.0,20.0,1.0,0.90987,0.0,0.0,0.0,0.0,0.0,0.0,0.0,0.0,0.0,0.0,0.0,0.0,0.0,0.0,0.0
88,4.62187,-0.5,19.1875,0,0.0,0.0,0.0,0,0,0,0,0,30.8,-0.5,18.4,240,0,0.0,0.0,0.0,0,0,0,0,0,0,0,28,0.58688,16.0,0.84586,0.9674,0.0,45,-0.22008,33.0,0.4887,0.01958,0.0,0,0.0,0.0,0.0,0.0,0.0,0,0.0,0.0,0.0,0.0,0.0,30.0,0.0,20.0,1.0,0.9674,0.0,0.0,0.0,0.0,0.0,0.0,0.0,0.0,0.0,0.0,0.0,0.0,0.0,0.0,0.0
89,4.56187,-0.75,18.3625,0,0.0,0.0,0.0,0,0,0,0,0,30.0,-0.75,17.6,225,0,0.0,0.0,0.0,0,0,0,0,0,0,0,28,0.22008,16.0,0.65479,0.04804,0.0,44,-0.14672,29.0,0.48016,0.02006,0.0,0,0.0,0.0,0.0,0.0,0.0,0,0.0,0.0,0.0,0.0,0.0,30.0,0.0,20.0,1.0,0.04804,0.0,0.0,0.0,0.0,0.0,0.0,0.0,0.0,0.0,0.0,0.0,0.0,0.0,0.0,0.0
90,4.51688,-0.25,17.1125,0,0.0,0.0,0.0,0,0,0,0,0,29.8,-0.25,16.0,215,0,0.0,0.0,0.0,0,0,0,0,0,0,0,30,0.22008,12.0,0.69453,0.25986,0.0,40,0.14672,10.0,0.33935,0.07562,1.0,0,0.0,0.0,0.0,0.0,0.0,0,0.0,0.0,0.0,0.0,0.0,30.0,0.0,19.0,1.0,0.10877,0.0,0.0,0.0,0.0,0.0,0.0,0.0,0.0,0.0,0.0,0.0,0.0,0.0,0.0,0.0
91,4.4925,0.25,15.8375,0,0.0,0.0,0.0,0,0,0,0,0,29.8,0.25,14.6,220,0,0.0,0.0,0.0,0,0,0,0,0,0,0,31,0.22008,11.0,0.84367,0.99886,0.0,0,0.0,0.0,0.0,0.0,0.0,0,0.0,0.0,0.0,0.0,0.0,0,0.0,0.0,0.0,0.0,0.0,28.0,0.0,16.0,1.0,0.10944,0.0,0.0,0.0,0.0,0.0,0.0,0.0,0.0,0.0,0.0,0.0,0.0,0.0,0.0,0.0
92,4.49625,0.25,14.4,0,0.0,0.0,0.0,0,0,0,0,0,30.0,0.25,13.0,225,0,0.0,0.0,0.0,0,0,0,0,0,0,0,31,0.07336,10.0,0.77585,0.99858,0.0,0,0.0,0.0,0.0,0.0,0.0,0,0.0,0.0,0.0,0.0,0.0,0,0.0,0.0,0.0,0.0,0.0,28.0,0.0,17.0,1.0,0.08223,0.0,0.0,0.0,0.0,0.0,0.0,0.0,0.0,0.0,0.0,0.0,0.0,0.0,0.0,0.0
93,4.49438,0.5,12.975,0,0.0,0.0,0.0,0,0,0,0,0,30.0,0.5,11.6,240,0,0.0,0.0,0.0,0,0,0,0,0,0,0,30,0.14672,9.0,0.88185,0.98695,0.0,0,0.0,0.0,0.0,0.0,0.0,0,0.0,0.0,0.0,0.0,0.0,0,0.0,0.0,0.0,0.0,0.0,28.0,0.0,15.0,1.0,0.06856,0.0,0.0,0.0,0.0,0.0,0.0,0.0,0.0,0.0,0.0,0.0,0.0,0.0,0.0,0.0
94,4.52625,0.0,11.4375,0,0.0,0.0,0.0,0,0,0,0,0,30.4,0.0,10.0,240,0,0.0,0.0,0.0,0,0,0,0,0,0,0,30,0.14672,8.0,0.84464,0.9844,0.0,0,0.0,0.0,0.0,0.0,0.0,0,0.0,0.0,0.0,0.0,0.0,0,0.0,0.0,0.0,0.0,0.0,28.0,0.0,12.0,1.0,0.9844,0.0,0.0,0.0,0.0,0.0,0.0,0.0,0.0,0.0,0.0,0.0,0.0,0.0,0.0,0.0
95,4.55812,0.0,9.975,0,0.0,0.0,0.0,0,0,0,0,0,30.6,0.0,8.6,240,0,0.0,0.0,0.0,0,0,0,0,0,0,0,31,0.07336,5.0,0.81294,0.98459,0.0,37,0.07336,-3.0,0.28773,0.21683,1.0,0,0.0,0.0,0.0,0.0,0.0,0,0.0,0.0,0.0,0.0,0.0,28.0,0.0,12.0,1.0,0.09953,0.0,0.0,0.0,0.0,0.0,0.0,0.0,0.0,0.0,0.0,0.0,0.0,0.0,0.0,0.0
96,4.515,-1.0,8.6375,0,0.0,0.0,0.0,0,0,0,0,0,29.8,-1.0,7.4,240,0,0.0,0.0,0.0,0,0,0,0,0,0,0,27,0.22008,5.0,0.53815,0.88924,0.0,0,0.0,0.0,0.0,0.0,0.0,0,0.0,0.0,0.0,0.0,0.0,0,0.0,0.0,0.0,0.0,0.0,28.0,0.0,11.0,1.0,0.88924,0.0,0.0,0.0,0.0,0.0,0.0,0.0,0.0,0.0,0.0,0.0,0.0,0.0,0.0,0.0
97,4.4325,-0.75,7.375,0,0.0,0.0,0.0,0,0,0,0,0,29.0,-0.75,6.2,220,0,0.0,0.0,0.0,0,0,0,0,0,0,0,27,0.29344,4.0,0.62251,0.98983,0.0,0,0.0,0.0,0.0,0.0,0.0,0,0.0,0.0,0.0,0.0,0.0,0,0.0,0.0,0.0,0.0,0.0,28.0,0.0,12.0,1.0,0.12674,0.0,0.0,0.0,0.0,0.0,0.0,0.0,0.0,0.0,0.0,0.0,0.0,0.0,0.0,0.0
98,4.37812,-0.25,5.9375,0,0.0,0.0,0.0,0,0,0,0,0,28.8,-0.25,4.6,240,0,0.0,0.0,0.0,0,0,0,0,0,0,0,29,0.22008,1.0,0.76808,0.94567,0.0,0,0.0,0.0,0.0,0.0,0.0,0,0.0,0.0,0.0,0.0,0.0,0,0.0,0.0,0.0,0.0,0.0,28.0,0.0,12.0,1.0,0.12374,0.0,0.0,0.0,0.0,0.0,0.0,0.0,0.0,0.0,0.0,0.0,0.0,0.0,0.0,0.0
99,4.29,-1.25,4.425,0,0.0,0.0,0.0,0,0,0,0,0,28.0,-1.25,3.0,225,0,0.0,0.0,0.0,0,0,0,0,0,0,0,26,0.29344,-0.0,0.84221,0.91366,0.0,32,0.14672,-3.0,0.60034,0.929,0.2857142857142857,32,0.14672,51.0,0.5,0.929,0.2857142857142857,0,0.0,0.0,0.0,0.0,0.0,28.0,0.0,10.0,1.0,0.11173,0.0,0.0,0.0,0.0,0.0,0.0,0.0,0.0,0.0,0.0,0.0,0.0,0.0,0.0,0.0
100,4.16625,-0.25,3.075,0,0.0,0.0,0.0,0,0,0,0,0,27.0,-0.25,1.8,215,0,0.0,0.0,0.0,0,0,0,0,0,0,0,26,0.14672,-1.0,0.84221,0.87899,0.0,37,0.07336,-3.0,0.26907,0.37851,0.6666666666666666,0,0.0,0.0,0.0,0.0,0.0,0,0.0,0.0,0.0,0.0,0.0,28.0,0.0,9.0,1.0,0.105,0.0,0.0,0.0,0.0,0.0,0.0,0.0,0.0,0.0,0.0,0.0,0.0,0.0,0.0,0.0
101,4.08937,-0.25,1.8,0,0.0,0.0,0.0,0,0,0,0,0,26.8,-0.25,0.6,205,0,0.0,0.0,0.0,0,0,0,0,0,0,0,26,0.07336,-1.0,0.82592,0.04003,0.0,31,0.58688,-5.0,0.85358,0.13234,0.6666666666666666,36,0.07336,-7.0,0.39187,0.03095,1.0,0,0.0,0.0,0.0,0.0,0.0,28.0,0.0,8.0,1.0,0.11556,0.0,0.0,0.0,0.0,0.0,0.0,0.0,0.0,0.0,0.0,0.0,0.0,0.0,0.0,0.0
102,4.03875,-0.75,0.65,0,0.0,0.0,0.0,0,0,0,0,0,26.6,-0.75,-0.4,195,0,0.0,0.0,0.0,0,0,0,0,0,0,0,26,-0.07336,-1.0,0.75107,0.56037,0.0,30,0.51352,-7.0,0.81024,0.9549,0.5,35,0.14672,-5.0,0.27234,0.22505,0.3333333333333333,0,0.0,0.0,0.0,0.0,0.0,28.0,0.0,8.0,1.0,0.13081,0.0,0.0,0.0,0.0,0.0,0.0,0.0,0.0,0.0,0.0,0.0,0.0,0.0,0.0,0.0
103,3.96562,0.0,-0.125,0,0.0,0.0,0.0,0,0,0,0,0,26.0,0.0,-0.8,185,0,0.0,0.0,0.0,0,0,0,0,0,0,0,26,-0.07336,-1.0,0.77675,0.03275,0.0,30,0.3668,-6.0,0.89369,0.65311,0.6666666666666666,0,0.0,0.0,0.0,0.0,0.0,0,0.0,0.0,0.0,0.0,0.0,28.0,0.0,6.0,1.0,0.07219,0.0,0.0,0.0,0.0,0.0,0.0,0.0,0.0,0.0,0.0,0.0,0.0,0.0,0.0,0.0
104,3.99023,0.0,0.00316,1,0.0,0.0,0.0,0,0,0,0,0,26.0,0.0,-1.4,190,1,0.0,0.0,0.0,0,0,0,0,0,0,0,29,0.14672,-4.0,0.80305,0.99882,0.0,34,0.14672,-13.0,0.33934,0.91113,0.4444444444444444,42,0.22008,-8.0,0.32786,0.10099,0.6666666666666666,0,0.0,0.0,0.0,0.0,0.0,26.0,0.0,-3.0,1.0,0.99882,0.0,0.0,0.0,0.0,0.0,0.0,0.0,0.0,0.0,0.0,0.0,0.0,0.0,0.0,0.0
105,4.01052,0.75,0.09098,1,0.0,0.0,0.0,0,0,0,0,0,26.6,0.75,-1.8,210,1,0.0,0.0,0.0,0,0,0,0,0,0,0,29,0.07336,-3.0,0.76881,0.8672,0.0,37,0.07336,-7.0,0.31816,0.04171,1.0,44,0.29344,-26.0,0.57236,0.79983,0.0,0,0.0,0.0,0.0,0.0,0.0,26.0,0.0,-6.0,1.0,0.8672,0.0,0.0,0.0,0.0,0.0,0.0,0.0,0.0,0.0,0.0,0.0,0.0,0.0,0.0,0.0
106,4.03123,0.75,0.21295,1,0.0,0.0,0.0,0,0,0,0,0,27.2,0.75,-2.4,230,1,0.0,0.0,0.0,0,0,0,0,0,0,0,29,0.07336,-4.0,0.73976,0.16109,0.0,44,0.22008,-26.0,0.56067,0.04136,1.0,0,0.0,0.0,0.0,0.0,0.0,0,0.0,0.0,0.0,0.0,0.0,27.0,0.0,-6.0,1.0,0.16109,0.0,0.0,0.0,0.0,0.0,0.0,0.0,0.0,0.0,0.0,0.0,0.0,0.0,0.0,0.0
107,4.06275,0.5,-2.3725,0,0.0,0.0,0.0,0,0,0,0,0,27.6,0.5,-3.8,220,0,0.0,0.0,0.0,0,0,0,0,0,0,0,28,0.14672,-8.0,0.70525,0.2627,0.0,34,0.14672,-12.0,0.48243,0.03538,1.0,44,0.22008,-26.0,0.55625,0.05639,1.0,0,0.0,0.0,0.0,0.0,0.0,27.0,0.0,-7.0,1.0,0.2627,0.0,0.0,0.0,0.0,0.0,0.0,0.0,0.0,0.0,0.0,0.0,0.0,0.0,0.0,0.0
108,4.13363,0.5,-4.08,0,0.0,0.0,0.0,0,0,0,0,0,28.0,0.5,-5.8,210,0,0.0,0.0,0.0,0,0,0,0,0,0,0,28,0.07336,-11.0,0.89128,0.26538,0.0,34,0.07336,-16.0,0.36388,0.60158,1.0,44,0.3668,-27.0,0.58179,0.20058,0.5,0,0.0,0.0,0.0,0.0,0.0,27.0,0.0,-7.0,1.0,0.26538,0.0,0.0,0.0,0.0,0.0,0.0,0.0,0.0,0.0,0.0,0.0,0.0,0.0,0.0,0.0
109,4.19738,-0.25,-6.0475,0,0.0,0.0,0.0,0,0,0,0,0,28.4,-0.25,-8.0,215,0,0.0,0.0,0.0,0,0,0,0,0,0,0,28,0.07336,-14.0,0.74475,0.99135,0.0,44,0.3668,-27.0,0.59001,0.76464,1.0,0,0.0,0.0,0.0,0.0,0.0,0,0.0,0.0,0.0,0.0,0.0,27.0,0.0,-7.0,1.0,0.11113,0.0,0.0,0.0,0.0,0.0,0.0,0.0,0.0,0.0,0.0,0.0,0.0,0.0,0.0,0.0
110,4.24425,0.25,-7.7325,0,0.0,0.0,0.0,0,0,0,0,0,28.6,0.25,-9.4,235,0,0.0,0.0,0.0,0,0,0,0,0,0,0,30,-0.07336,-10.0,0.76211,0.99716,0.0,43,0.14672,-29.0,0.47577,0.18759,1.0,0,0.0,0.0,0.0,0.0,0.0,0,0.0,0.0,0.0,0.0,0.0,27.0,0.0,-7.0,1.0,0.11298,0.0,0.0,0.0,0.0,0.0,0.0,0.0,0.0,0.0,0.0,0.0,0.0,0.0,0.0,0.0
111,4.22625,-0.5,-9.35,0,0.0,0.0,0.0,0,0,0,0,0,28.0,-0.5,-10.8,240,0,0.0,0.0,0.0,0,0,0,0,0,0,0,26,0.14672,-11.0,0.59119,0.4164,0.0,42,0.29344,-28.0,0.39954,0.63918,0.16666666666666666,0,0.0,0.0,0.0,0.0,0.0,0,0.0,0.0,0.0,0.0,0.0,27.0,0.0,-8.0,1.0,0.4164,0.0,0.0,0.0,0.0,0.0,0.0,0.0,0.0,0.0,0.0,0.0,0.0,0.0,0.0,0.0
112,4.185,-0.5,-10.6375,0,0.0,0.0,0.0,0,0,0,0,0,27.6,-0.5,-11.8,225,0,0.0,0.0,0.0,0,0,0,0,0,0,0,26,0.14672,-13.0,0.55939,0.10351,0.0,35,0.14672,-15.0,0.75485,0.22923,0.5,43,0.29344,-29.0,0.4934,0.21727,0.2,0,0.0,0.0,0.0,0.0,0.0,27.0,0.0,-9.0,1.0,0.10351,0.0,0.0,0.0,0.0,0.0,0.0,0.0,0.0,0.0,0.0,0.0,0.0,0.0,0.0,0.0
113,4.19438,0.5,-11.7875,0,0.0,0.0,0.0,0,0,0,0,0,28.0,0.5,-12.8,215,0,0.0,0.0,0.0,0,0,0,0,0,0,0,30,-0.07336,-16.0,0.83939,0.01493,0.0,0,0.0,0.0,0.0,0.0,0.0,0,0.0,0.0,0.0,0.0,0.0,0,0.0,0.0,0.0,0.0,0.0,28.0,0.0,-6.0,1.0,0.05455,0.0,0.0,0.0,0.0,0.0,0.0,0.0,0.0,0.0,0.0,0.0,0.0,0.0,0.0,0.0
114,4.22813,0.0,-13.0375,0,0.0,0.0,0.0,0,0,0,0,0,28.4,0.0,-14.2,205,0,0.0,0.0,0.0,0,0,0,0,0,0,0,30,-0.14672,-21.0,0.77897,0.8327,0.0,0,0.0,0.0,0.0,0.0,0.0,0,0.0,0.0,0.0,0.0,0.0,0,0.0,0.0,0.0,0.0,0.0,28.0,0.0,-15.0,1.0,0.07519,0.0,0.0,0.0,0.0,0.0,0.0,0.0,0.0,0.0,0.0,0.0,0.0,0.0,0.0,0.0
115,4.18125,0.0,-14.6625,0,0.0,0.0,0.0,0,0,0,0,0,27.6,0.0,-16.2,195,0,0.0,0.0,0.0,0,0,0,0,0,0,0,26,-0.07336,-20.0,0.56267,0.01312,0.0,32,-0.07336,-33.0,0.70306,0.07023,0.2,41,0.07336,-35.0,0.31114,0.26194,1.0,0,0.0,0.0,0.0,0.0,0.0,28.0,0.0,-15.0,1.0,0.01312,0.0,0.0,0.0,0.0,0.0,0.0,0.0,0.0,0.0,0.0,0.0,0.0,0.0,0.0,0.0
116,4.17375,0.25,-16.4625,0,0.0,0.0,0.0,0,0,0,0,0,27.8,0.25,-18.2,185,0,0.0,0.0,0.0,0,0,0,0,0,0,0,27,-0.14672,-21.0,0.89042,0.01861,0.0,32,0.29344,-30.0,0.72604,0.42614,0.0,38,-0.07336,-36.0,0.3181,0.58829,0.75,0,0.0,0.0,0.0,0.0,0.0,28.0,0.0,-11.0,1.0,0.08615,0.0,0.0,0.0,0.0,0.0,0.0,0.0,0.0,0.0,0.0,0.0,0.0,0.0,0.0,0.0
117,4.24875,0.25,-18.8625,0,0.0,0.0,0.0,0,0,0,0,0,28.8,0.25,-21.2,175,0,0.0,0.0,0.0,0,0,0,0,0,0,0,31,0.07336,-28.0,0.73012,0.89345,0.0,0,0.0,0.0,0.0,0.0,0.0,0,0.0,0.0,0.0,0.0,0.0,0,0.0,0.0,0.0,0.0,0.0,28.0,0.0,-12.0,1.0,0.08904,0.0,0.0,0.0,0.0,0.0,0.0,0.0,0.0,0.0,0.0,0.0,0.0,0.0,0.0,0.0
118,4.31625,0.5,-21.275,0,0.0,0.0,0.0,0,0,0,0,0,29.2,0.5,-23.6,165,0,0.0,0.0,0.0,0,0,0,0,0,0,0,32,0.07336,-28.0,0.78976,0.08171,0.0,0,0.0,0.0,0.0,0.0,0.0,0,0.0,0.0,0.0,0.0,0.0,0,0.0,0.0,0.0,0.0,0.0,28.0,0.0,-17.0,1.0,0.11751,0.0,0.0,0.0,0.0,0.0,0.0,0.0,0.0,0.0,0.0,0.0,0.0,0.0,0.0,0.0
119,4.34437,1.0,-22.7,0,0.0,0.0,0.0,0,0,0,0,0,29.2,1.0,-24.0,170,0,0.0,0.0,0.0,0,0,0,0,0,0,0,30,-0.22008,-23.0,0.80629,0.98472,0.0,36,0.07336,-34.0,0.25088,0.12654,1.0,44,0.22008,-44.0,0.23934,0.01987,0.3333333333333333,0,0.0,0.0,0.0,0.0,0.0,28.0,0.0,-17.0,1.0,0.2336,0.0,0.0,0.0,0.0,0.0,0.0,0.0,0.0,0.0,0.0,0.0,0.0,0.0,0.0,0.0
120,4.43812,1.0,-24.2125,0,0.0,0.0,0.0,0,0,0,0,0,30.2,1.0,-25.6,190,0,0.0,0.0,0.0,0,0,0,0,0,0,0,31,-0.07336,-28.0,0.88741,0.99802,0.0,37,-0.07336,-35.0,0.34884,0.14,1.0,0,0.0,0.0,0.0,0.0,0.0,0,0.0,0.0,0.0,0.0,0.0,28.0,0.0,-17.0,1.0,0.20557,0.0,0.0,0.0,0.0,0.0,0.0,0.0,0.0,0.0,0.0,0.0,0.0,0.0,0.0,0.0
121,4.53375,-0.25,-25.3,0,0.0,0.0,0.0,0,0,0,0,0,30.8,-0.25,-26.2,210,0,0.0,0.0,0.0,0,0,0,0,0,0,0,30,-0.29344,-24.0,0.86073,0.9938,0.0,38,-0.07336,-42.0,0.43498,0.02961,1.0,0,0.0,0.0,0.0,0.0,0.0,0,0.0,0.0,0.0,0.0,0.0,26.0,0.0,-20.0,1.0,0.11042,0.0,0.0,0.0,0.0,0.0,0.0,0.0,0.0,0.0,0.0,0.0,0.0,0.0,0.0,0.0
122,4.57875,-0.25,-25.325,0,0.0,0.0,0.0,0,0,0,0,0,30.8,-0.25,-25.2,230,0,0.0,0.0,0.0,0,0,0,0,0,0,0,30,-0.58688,-23.0,0.33839,0.49368,0.0,31,-0.22008,-23.0,0.7786,0.97643,0.0,31,-0.22008,61.0,0.5,0.97643,0.0,0,0.0,0.0,0.0,0.0,0.0,26.0,0.0,-19.0,1.0,0.12616,0.0,0.0,0.0,0.0,0.0,0.0,0.0,0.0,0.0,0.0,0.0,0.0,0.0,0.0,0.0
123,4.58437,0.25,-24.875,0,0.0,0.0,0.0,0,0,0,0,0,30.6,0.25,-24.4,240,0,0.0,0.0,0.0,0,0,0,0,0,0,0,31,-0.22008,-24.0,0.77825,0.23224,0.0,0,0.0,0.0,0.0,0.0,0.0,0,0.0,0.0,0.0,0.0,0.0,0,0.0,0.0,0.0,0.0,0.0,26.0,0.0,-17.0,1.0,0.09079,0.0,0.0,0.0,0.0,0.0,0.0,0.0,0.0,0.0,0.0,0.0,0.0,0.0,0.0,0.0
124,4.62187,0.25,-24.8875,0,0.0,0.0,0.0,0,0,0,0,0,31.0,0.25,-24.8,240,0,0.0,0.0,0.0,0,0,0,0,0,0,0,32,0.14672,-25.0,0.61556,0.98665,0.0,0,0.0,0.0,0.0,0.0,0.0,0,0.0,0.0,0.0,0.0,0.0,0,0.0,0.0,0.0,0.0,0.0,26.0,0.0,-17.0,1.0,0.11025,0.0,0.0,0.0,0.0,0.0,0.0,0.0,0.0,0.0,0.0,0.0,0.0,0.0,0.0,0.0
125,4.63875,0.25,-24.3625,0,0.0,0.0,0.0,0,0,0,0,0,31.0,0.25,-23.8,240,0,0.0,0.0,0.0,0,0,0,0,0,0,0,31,-0.29344,-23.0,0.76491,0.80507,0.0,37,-0.07336,-37.0,0.44063,0.0361,0.75,0,0.0,0.0,0.0,0.0,0.0,0,0.0,0.0,0.0,0.0,0.0,26.0,0.0,-19.0,1.0,0.06061,0.0,0.0,0.0,0.0,0.0,0.0,0.0,0.0,0.0,0.0,0.0,0.0,0.0,0.0,0.0
126,4.67437,0.25,-23.95,0,0.0,0.0,0.0,0,0,0,0,0,31.4,0.25,-23.6,220,0,0.0,0.0,0.0,0,0,0,0,0,0,0,31,-0.14672,-24.0,0.27666,0.06087,0.0,31,-0.14672,51.0,0.27666,0.06087,0.0,32,-0.44016,-23.0,0.53306,0.01113,0.0,38,-0.22008,-34.0,0.48389,0.05325,0.15,26.0,0.0,-18.0,1.0,0.05656,0.0,0.0,0.0,0.0,0.0,0.0,0.0,0.0,0.0,0.0,0.0,0.0,0.0,0.0,0.0
127,4.69125,0.0,-23.65,0,0.0,0.0,0.0,0,0,0,0,0,31.4,0.0,-23.4,210,0,0.0,0.0,0.0,0,0,0,0,0,0,0,31,-0.3668,-22.0,0.81893,0.20492,0.0,43,-0.07336,-49.0,0.59768,0.51802,0.3,0,0.0,0.0,0.0,0.0,0.0,0,0.0,0.0,0.0,0.0,0.0,29.0,0.0,-22.0,1.0,0.20492,0.0,0.0,0.0,0.0,0.0,0.0,0.0,0.0,0.0,0.0,0.0,0.0,0.0,0.0,0.0
128,4.7025,-0.25,-23.2375,0,0.0,0.0,0.0,0,0,0,0,0,31.4,-0.25,-22.8,200,0,0.0,0.0,0.0,0,0,0,0,0,0,0,31,-0.22008,-21.0,0.77681,0.11419,0.0,38,-0.22008,-39.0,0.63748,0.07829,1.0,43,0.14672,-46.0,0.37043,0.16348,0.0,0,0.0,0.0,0.0,0.0,0.0,29.0,0.0,-21.0,1.0,0.11419,0.0,0.0,0.0,0.0,0.0,0.0,0.0,0.0,0.0,0.0,0.0,0.0,0.0,0.0,0.0
129,4.69125,0.0,-22.7875,0,0.0,0.0,0.0,0,0,0,0,0,31.2,0.0,-22.4,190,0,0.0,0.0,0.0,0,0,0,0,0,0,0,31,-0.14672,-23.0,0.83119,0.17628,0.0,38,-0.3668,-40.0,0.29719,0.02302,0.3333333333333333,0,0.0,0.0,0.0,0.0,0.0,0,0.0,0.0,0.0,0.0,0.0,28.0,0.0,-19.0,1.0,0.06262,0.0,0.0,0.0,0.0,0.0,0.0,0.0,0.0,0.0,0.0,0.0,0.0,0.0,0.0,0.0
130,4.7025,0.0,-22.3875,0,0.0,0.0,0.0,0,0,0,0,0,31.4,0.0,-22.0,180,0,0.0,0.0,0.0,0,0,0,0,0,0,0,32,-0.14672,-21.0,0.87139,0.61239,0.0,32,-0.88031,-21.0,0.31015,0.01471,0.0,44,-0.07336,-22.0,0.42596,0.01449,1.0,0,0.0,0.0,0.0,0.0,0.0,29.0,0.0,-21.0,1.0,0.61239,0.0,0.0,0.0,0.0,0.0,0.0,0.0,0.0,0.0,0.0,0.0,0.0,0.0,0.0,0.0
131,4.70625,0.25,-21.9875,0,0.0,0.0,0.0,0,0,0,0,0,31.4,0.25,-21.6,185,0,0.0,0.0,0.0,0,0,0,0,0,0,0,32,-0.14672,-21.0,0.79689,0.86407,0.0,32,-0.80696,-21.0,0.311,0.87064,0.0,38,-0.07336,-35.0,0.52064,0.03754,1.0,0,0.0,0.0,0.0,0.0,0.0,29.0,0.0,-21.0,1.0,0.86407,38.0,0.0,-34.0,0.7913,0.03754,0.0,0.0,0.0,0.0,0.0,0.0,0.0,0.0,0.0,0.0
132,4.72313,0.25,-21.975,0,0.0,0.0,0.0,0,0,0,0,0,31.6,0.25,-22.0,175,0,0.0,0.0,0.0,0,0,0,0,0,0,0,32,-0.07336,-24.0,0.79253,0.57208,0.0,38,-0.07336,-33.0,0.60244,0.0177,1.0,0,0.0,0.0,0.0,0.0,0.0,0,0.0,0.0,0.0,0.0,0.0,29.0,0.0,-22.0,1.0,0.57208,38.0,0.0,-35.0,0.94101,0.0177,0.0,0.0,0.0,0.0,0.0,0.0,0.0,0.0,0.0,0.0
133,4.74563,0.25,-22.275,0,0.0,0.0,0.0,0,0,0,0,0,31.8,0.25,-22.6,165,0,0.0,0.0,0.0,0,0,0,0,0,0,0,32,0.07336,-24.0,0.78184,0.53815,0.0,38,-0.07336,-32.0,0.64061,0.02154,0.8,0,0.0,0.0,0.0,0.0,0.0,0,0.0,0.0,0.0,0.0,0.0,29.0,0.0,-22.0,1.0,0.53815,38.0,0.0,-36.0,0.98869,0.02154,0.0,0.0,0.0,0.0,0.0,0.0,0.0,0.0,0.0,0.0
134,4.77375,0.0,-22.525,0,0.0,0.0,0.0,0,0,0,0,0,32.0,0.0,-22.8,155,0,0.0,0.0,0.0,0,0,0,0,0,0,0,32,0.07336,-24.0,0.72217,0.04739,0.0,38,-0.07336,-38.0,0.60525,0.6297,0.5,0,0.0,0.0,0.0,0.0,0.0,0,0.0,0.0,0.0,0.0,0.0,30.0,0.0,-27.0,1.0,0.04739,38.0,0.0,-35.0,0.99702,0.6297,0.0,0.0,0.0,0.0,0.0,0.0,0.0,0.0,0.0,0.0
135,4.78688,0.0,-22.85,0,0.0,0.0,0.0,0,0,0,0,0,32.0,0.0,-23.2,145,0,0.0,0.0,0.0,0,0,0,0,0,0,0,32,0.07336,-23.0,0.76216,0.01426,0.0,38,-0.07336,-33.0,0.58046,0.07195,0.6666666666666666,0,0.0,0.0,0.0,0.0,0.0,0,0.0,0.0,0.0,0.0,0.0,30.0,0.0,-27.0,1.0,0.01426,38.0,0.0,-35.0,0.99708,0.07195,0.0,0.0,0.0,0.0,0.0,0.0,0.0,0.0,0.0,0.0
136,4.80938,0.25,-23.2375,0,0.0,0.0,0.0,0,0,0,0,0,32.2,0.25,-23.6,135,0,0.0,0.0,0.0,0,0,0,0,0,0,0,33,-0.07336,-23.0,0.78931,0.26193,0.0,43,-0.07336,-38.0,0.81474,0.10332,0.5,0,0.0,0.0,0.0,0.0,0.0,0,0.0,0.0,0.0,0.0,0.0,30.0,0.0,-28.0,1.0,0.07075,38.0,0.0,-35.0,0.99482,0.17746,0.0,0.0,0.0,0.0,0.0,0.0,0.0,0.0,0.0,0.0
137,4.83562,0.25,-23.6375,0,0.0,0.0,0.0,0,0,0,0,0,32.4,0.25,-24.0,125,0,0.0,0.0,0.0,0,0,0,0,0,0,0,33,-0.14672,-26.0,0.88982,0.45576,0.0,43,-0.07336,-27.0,0.37134,0.02046,1.0,0,0.0,0.0,0.0,0.0,0.0,0,0.0,0.0,0.0,0.0,0.0,32.0,0.0,-24.0,1.0,0.45576,38.0,0.0,-34.0,0.9889,0.19433,0.0,0.0,0.0,0.0,0.0,0.0,0.0,0.0,0.0,0.0
138,4.84875,0.0,-23.625,0,0.0,0.0,0.0,0,0,0,0,0,32.4,0.0,-23.6,115,0,0.0,0.0,0.0,0,0,0,0,0,0,0,32,0.07336,-22.0,0.85818,0.72877,0.0,38,-0.07336,-35.0,0.66232,0.29253,1.0,44,-0.14672,-38.0,0.8159,0.66198,0.6666666666666666,0,0.0,0.0,0.0,0.0,0.0,32.0,0.0,-25.0,1.0,0.72877,38.0,0.0,-34.0,0.98152,0.29253,0.0,0.0,0.0,0.0,0.0,0.0,0.0,0.0,0.0,0.0
139,4.86938,0.25,-23.625,0,0.0,0.0,0.0,0,0,0,0,0,32.6,0.25,-23.6,105,0,0.0,0.0,0.0,0,0,0,0,0,0,0,33,0.07336,-24.0,0.73394,0.03761,0.0,43,-0.07336,-38.0,0.81984,0.02288,0.75,0,0.0,0.0,0.0,0.0,0.0,0,0.0,0.0,0.0,0.0,0.0,32.0,0.0,-25.0,1.0,0.03761,38.0,0.0,-34.0,0.97832,0.22906,0.0,0.0,0.0,0.0,0.0,0.0,0.0,0.0,0.0,0.0
140,4.89562,0.0,-23.925,0,0.0,0.0,0.0,0,0,0,0,0,32.8,0.0,-24.2,95,0,0.0,0.0,0.0,0,0,0,0,0,0,0,33,0.14672,-26.0,0.77471,0.46958,0.0,44,-0.14672,-41.0,0.53412,0.04631,0.2,0,0.0,0.0,0.0,0.0,0.0,0,0.0,0.0,0.0,0.0,0.0,32.0,0.0,-25.0,1.0,0.46958,38.0,0.0,-35.0,0.97681,0.18437,0.0,0.0,0.0,0.0,0.0,0.0,0.0,0.0,0.0,0.0
141,4.90875,0.0,-24.075,0,0.0,0.0,0.0,0,0,0,0,0,32.8,0.0,-24.2,85,0,0.0,0.0,0.0,0,0,0,0,0,0,0,33,0.14672,-23.0,0.73978,0.3385,0.0,43,-0.07336,-37.0,0.41179,0.02444,1.0,0,0.0,0.0,0.0,0.0,0.0,0,0.0,0.0,0.0,0.0,0.0,32.0,0.0,-25.0,1.0,0.3385,38.0,0.0,-35.0,0.96827,0.17216,0.0,0.0,0.0,0.0,0.0,0.0,0.0,0.0,0.0,0.0
142,4.91438,0.25,-24.425,0,0.0,0.0,0.0,0,0,0,0,0,32.8,0.25,-24.8,75,0,0.0,0.0,0.0,0,0,0,0,0,0,0,33,0.14672,-29.0,0.75261,0.02802,0.0,43,-0.07336,-36.0,0.6284,0.05232,0.6666666666666666,0,0.0,0.0,0.0,0.0,0.0,0,0.0,0.0,0.0,0.0,0.0,32.0,0.0,-25.0,1.0,0.02802,38.0,0.0,-35.0,0.95037,0.16243,0.0,0.0,0.0,0.0,0.0,0.0,0.0,0.0,0.0,0.0
143,4.88812,-0.75,-25.1125,0,0.0,0.0,0.0,0,0,0,0,0,32.4,-0.75,-25.8,65,0,0.0,0.0,0.0,0,0,0,0,0,0,0,30,0.22008,-27.0,0.5453,0.41203,0.0,0,0.0,0.0,0.0,0.0,0.0,0,0.0,0.0,0.0,0.0,0.0,0,0.0,0.0,0.0,0.0,0.0,32.0,0.0,-25.0,1.0,0.41203,38.0,0.0,-36.0,0.92005,0.13829,0.0,0.0,0.0,0.0,0.0,0.0,0.0,0.0,0.0,0.0
144,4.845,-0.5,-24.875,0,0.0,0.0,0.0,0,0,0,0,0,32.0,-0.5,-24.6,55,0,0.0,0.0,0.0,0,0,0,0,0,0,0,31,0.14672,-18.0,0.78201,0.09213,0.0,0,0.0,0.0,0.0,0.0,0.0,0,0.0,0.0,0.0,0.0,0.0,0,0.0,0.0,0.0,0.0,0.0,32.0,0.0,-24.0,1.0,0.06954,38.0,0.0,-36.0,0.86326,0.22212,0.0,0.0,0.0,0.0,0.0,0.0,0.0,0.0,0.0,0.0
145,4.7925,-0.5,-24.1375,0,0.0,0.0,0.0,0,0,0,0,0,31.6,-0.5,-23.4,45,0,0.0,0.0,0.0,0,0,0,0,0,0,0,31,0.14672,-20.0,0.65874,0.91194,0.0,0,0.0,0.0,0.0,0.0,0.0,0,0.0,0.0,0.0,0.0,0.0,0,0.0,0.0,0.0,0.0,0.0,33.0,0.0,-21.0,1.0,0.91194,0.0,0.0,0.0,0.0,0.0,0.0,0.0,0.0,0.0,0.0,0.0,0.0,0.0,0.0,0.0
146,4.75125,-0.25,-23.2875,0,0.0,0.0,0.0,0,0,0,0,0,31.4,-0.25,-22.4,50,0,0.0,0.0,0.0,0,0,0,0,0,0,0,32,0.14672,-18.0,0.76517,0.99443,0.0,32,0.66024,-18.0,0.42471,0.9924,0.0,0,0.0,0.0,0.0,0.0,0.0,0,0.0,0.0,0.0,0.0,0.0,32.0,0.0,-22.0,1.0,0.99443,38.0,0.0,-37.0,0.722,0.19403,0.0,0.0,0.0,0.0,0.0,0.0,0.0,0.0,0.0,0.0
147,4.71375,0.5,-21.775,0,0.0,0.0,0.0,0,0,0,0,0,31.2,0.5,-20.2,70,0,0.0,0.0,0.0,0,0,0,0,0,0,0,32,0.07336,-18.0,0.79852,0.08234,0.0,32,0.51352,-18.0,0.5094,0.38657,0.0,38,-0.07336,-30.0,0.44641,0.04861,1.0,0,0.0,0.0,0.0,0.0,0.0,32.0,0.0,-22.0,1.0,0.08234,38.0,0.0,-35.0,0.8455,0.04861,0.0,0.0,0.0,0.0,0.0,0.0,0.0,0.0,0.0,0.0
148,4.725,0.25,-20.15,0,0.0,0.0,0.0,0,0,0,0,0,31.6,0.25,-18.6,60,0,0.0,0.0,0.0,0,0,0,0,0,0,0,32,0.07336,-19.0,0.81717,0.75021,0.0,38,0.07336,-31.0,0.56009,0.19048,1.0,0,0.0,0.0,0.0,0.0,0.0,0,0.0,0.0,0.0,0.0,0.0,32.0,0.0,-20.0,1.0,0.75021,38.0,0.0,-33.0,0.95216,0.19048,0.0,0.0,0.0,0.0,0.0,0.0,0.0,0.0,0.0,0.0
149,4.74562,0.25,-19.6375,0,0.0,0.0,0.0,0,0,0,0,0,31.8,0.25,-19.2,65,0,0.0,0.0,0.0,0,0,0,0,0,0,0,32,0.07336,-21.0,0.90246,0.99493,0.0,39,-0.07336,-25.0,0.31331,0.30825,0.8333333333333334,0,0.0,0.0,0.0,0.0,0.0,0,0.0,0.0,0.0,0.0,0.0,32.0,0.0,-19.0,1.0,0.99493,38.0,0.0,-33.0,0.96448,0.14604,0.0,0.0,0.0,0.0,0.0,0.0,0.0,0.0,0.0,0.0
150,4.75688,-0.25,-18.6875,0,0.0,0.0,0.0,0,0,0,0,0,31.8,-0.25,-17.8,85,0,0.0,0.0,0.0,0,0,0,0,0,0,0,31,0.14672,-13.0,0.80023,0.75521,0.0,0,0.0,0.0,0.0,0.0,0.0,0,0.0,0.0,0.0,0.0,0.0,0,0.0,0.0,0.0,0.0,0.0,28.0,0.0,-16.0,1.0,0.06441,38.0,0.0,-32.0,0.95735,0.19068,0.0,0.0,0.0,0.0,0.0,0.0,0.0,0.0,0.0,0.0
151,4.7325,-0.5,-17.875,0,0.0,0.0,0.0,0,0,0,0,0,31.4,-0.5,-17.2,75,0,0.0,0.0,0.0,0,0,0,0,0,0,0,30,0.14672,-15.0,0.935,0.33698,0.0,0,0.0,0.0,0.0,0.0,0.0,0,0.0,0.0,0.0,0.0,0.0,0,0.0,0.0,0.0,0.0,0.0,28.0,0.0,-15.0,1.0,0.33698,38.0,0.0,-31.0,0.94653,0.1644,0.0,0.0,0.0,0.0,0.0,0.0,0.0,0.0,0.0,0.0
152,4.69312,-0.5,-16.6875,0,0.0,0.0,0.0,0,0,0,0,0,31.0,-0.5,-15.6,65,0,0.0,0.0,0.0,0,0,0,0,0,0,0,30,0.29344,-10.0,0.84273,0.92089,0.0,0,0.0,0.0,0.0,0.0,0.0,0,0.0,0.0,0.0,0.0,0.0,0,0.0,0.0,0.0,0.0,0.0,28.0,0.0,-15.0,1.0,0.92089,38.0,0.0,-30.0,0.90075,0.10012,0.0,0.0,0.0,0.0,0.0,0.0,0.0,0.0,0.0,0.0
153,4.6425,-0.5,-15.4625,0,0.0,0.0,0.0,0,0,0,0,0,30.6,-0.5,-14.2,70,0,0.0,0.0,0.0,0,0,0,0,0,0,0,30,0.14672,-12.0,0.81418,0.99237,0.0,0,0.0,0.0,0.0,0.0,0.0,0,0.0,0.0,0.0,0.0,0.0,0,0.0,0.0,0.0,0.0,0.0,28.0,0.0,-14.0,1.0,0.99237,38.0,0.0,-30.0,0.91726,0.15812,0.0,0.0,0.0,0.0,0.0,0.0,0.0,0.0,0.0,0.0
154,4.58625,-0.25,-13.8875,0,0.0,0.0,0.0,0,0,0,0,0,30.2,-0.25,-12.4,90,0,0.0,0.0,0.0,0,0,0,0,0,0,0,30,0.29344,-12.0,0.86784,0.99912,0.0,0,0.0,0.0,0.0,0.0,0.0,0,0.0,0.0,0.0,0.0,0.0,0,0.0,0.0,0.0,0.0,0.0,28.0,0.0,-14.0,1.0,0.99912,38.0,0.0,-31.0,0.90139,0.17054,0.0,0.0,0.0,0.0,0.0,0.0,0.0,0.0,0.0,0.0
155,4.54125,0.0,-12.825,0,0.0,0.0,0.0,0,0,0,0,0,30.0,0.0,-11.8,110,0,0.0,0.0,0.0,0,0,0,0,0,0,0,30,0.29344,-10.0,0.76743,0.99861,0.0,0,0.0,0.0,0.0,0.0,0.0,0,0.0,0.0,0.0,0.0,0.0,0,0.0,0.0,0.0,0.0,0.0,29.0,0.0,-11.0,1.0,0.99861,38.0,0.0,-30.0,0.70182,0.13643,0.0,0.0,0.0,0.0,0.0,0.0,0.0,0.0,0.0,0.0
156,4.51875,0.0,-11.9625,0,0.0,0.0,0.0,0,0,0,0,0,30.0,0.0,-11.2,130,0,0.0,0.0,0.0,0,0,0,0,0,0,0,30,0.14672,-12.0,0.80675,0.82712,0.0,36,-0.07336,-12.0,0.65675,0.04929,0.75,0,0.0,0.0,0.0,0.0,0.0,0,0.0,0.0,0.0,0.0,0.0,29.0,0.0,-11.0,1.0,0.82712,38.0,0.0,-29.0,1.0,0.12419,0.0,0.0,0.0,0.0,0.0,0.0,0.0,0.0,0.0,0.0
157,4.5075,0.0,-11.4375,0,0.0,0.0,0.0,0,0,0,0,0,30.0,0.0,-11.0,135,0,0.0,0.0,0.0,0,0,0,0,0,0,0,30,0.14672,-9.0,0.82551,0.5362,0.0,36,-0.07336,-9.0,0.39354,0.02533,1.0,0,0.0,0.0,0.0,0.0,0.0,0,0.0,0.0,0.0,0.0,0.0,29.0,0.0,-11.0,1.0,0.5362,38.0,0.0,-27.0,0.87027,0.07478,0.0,0.0,0.0,0.0,0.0,0.0,0.0,0.0,0.0,0.0
158,4.50188,0.0,-10.7625,0,0.0,0.0,0.0,0,0,0,0,0,30.0,0.0,-10.2,125,0,0.0,0.0,0.0,0,0,0,0,0,0,0,30,-0.07336,-8.0,0.84826,0.06298,0.0,39,-0.07336,-8.0,0.29993,0.01426,1.0,44,-0.29344,-29.0,0.31602,0.14456,0.6666666666666666,0,0.0,0.0,0.0,0.0,0.0,29.0,0.0,-11.0,1.0,0.06298,38.0,0.0,-26.0,0.20956,0.0849,0.0,0.0,0.0,0.0,0.0,0.0,0.0,0.0,0.0,0.0
159,4.5,0.0,-9.9625,0,0.0,0.0,0.0,0,0,0,0,0,30.0,0.0,-9.2,130,0,0.0,0.0,0.0,0,0,0,0,0,0,0,30,-0.14672,-7.0,0.79804,0.99706,0.0,44,-0.29344,-28.0,0.43021,0.0409,0.0,0,0.0,0.0,0.0,0.0,0.0,0,0.0,0.0,0.0,0.0,0.0,29.0,0.0,-10.0,1.0,0.99706,0.0,0.0,0.0,0.0,0.0,0.0,0.0,0.0,0.0,0.0,0.0,0.0,0.0,0.0,0.0
160,4.485,-0.25,-9.3625,0,0.0,0.0,0.0,0,0,0,0,0,29.8,-0.25,-8.8,150,0,0.0,0.0,0.0,0,0,0,0,0,0,0,29,-0.22008,-8.0,0.82479,0.99568,0.0,44,-0.51352,-28.0,0.44006,0.0087,0.5,0,0.0,0.0,0.0,0.0,0.0,0,0.0,0.0,0.0,0.0,0.0,29.0,0.0,-10.0,1.0,0.99568,0.0,0.0,0.0,0.0,0.0,0.0,0.0,0.0,0.0,0.0,0.0,0.0,0.0,0.0,0.0
161,4.4775,0.0,-8.175,0,0.0,0.0,0.0,0,0,0,0,0,29.8,0.0,-7.0,170,0,0.0,0.0,0.0,0,0,0,0,0,0,0,30,-0.14672,-3.0,0.8094,0.99701,0.0,44,-0.58688,-28.0,0.46077,0.02312,0.0,0,0.0,0.0,0.0,0.0,0.0,0,0.0,0.0,0.0,0.0,0.0,29.0,0.0,-10.0,1.0,0.02927,0.0,0.0,0.0,0.0,0.0,0.0,0.0,0.0,0.0,0.0,0.0,0.0,0.0,0.0,0.0
162,4.44375,-0.5,-6.9625,0,0.0,0.0,0.0,0,0,0,0,0,29.4,-0.5,-5.8,175,0,0.0,0.0,0.0,0,0,0,0,0,0,0,28,-0.29344,-3.0,0.49635,0.02733,0.0,34,-0.22008,-2.0,0.82353,0.41299,0.2222222222222222,0,0.0,0.0,0.0,0.0,0.0,0,0.0,0.0,0.0,0.0,0.0,29.0,0.0,-10.0,1.0,0.0482,0.0,0.0,0.0,0.0,0.0,0.0,0.0,0.0,0.0,0.0,0.0,0.0,0.0,0.0,0.0
163,4.42687,0.0,-5.55,0,0.0,0.0,0.0,0,0,0,0,0,29.4,0.0,-4.2,165,0,0.0,0.0,0.0,0,0,0,0,0,0,0,30,-0.22008,-0.0,0.79772,0.852,0.0,0,0.0,0.0,0.0,0.0,0.0,0,0.0,0.0,0.0,0.0,0.0,0,0.0,0.0,0.0,0.0,0.0,29.0,0.0,-10.0,1.0,0.07839,0.0,0.0,0.0,0.0,0.0,0.0,0.0,0.0,0.0,0.0,0.0,0.0,0.0,0.0,0.0
164,4.4175,0.25,-4.1625,0,0.0,0.0,0.0,0,0,0,0,0,29.4,0.25,-2.8,170,0,0.0,0.0,0.0,0,0,0,0,0,0,0,30,-0.22008,-0.0,0.80172,0.72712,0.0,0,0.0,0.0,0.0,0.0,0.0,0,0.0,0.0,0.0,0.0,0.0,0,0.0,0.0,0.0,0.0,0.0,29.0,0.0,-11.0,1.0,0.08625,0.0,0.0,0.0,0.0,0.0,0.0,0.0,0.0,0.0,0.0,0.0,0.0,0.0,0.0,0.0
165,4.44375,0.25,-2.325,0,0.0,0.0,0.0,0,0,0,0,0,29.8,0.25,-0.6,190,0,0.0,0.0,0.0,0,0,0,0,0,0,0,31,-0.22008,3.0,0.78728,0.99866,0.0,0,0.0,0.0,0.0,0.0,0.0,0,0.0,0.0,0.0,0.0,0.0,0,0.0,0.0,0.0,0.0,0.0,29.0,0.0,-10.0,1.0,0.10692,0.0,0.0,0.0,0.0,0.0,0.0,0.0,0.0,0.0,0.0,0.0,0.0,0.0,0.0,0.0
166,4.47,0.75,-0.725,0,0.0,0.0,0.0,0,0,0,0,0,30.0,0.75,0.8,210,0,0.0,0.0,0.0,0,0,0,0,0,0,0,31,-0.29344,4.0,0.79512,0.98768,0.0,0,0.0,0.0,0.0,0.0,0.0,0,0.0,0.0,0.0,0.0,0.0,0,0.0,0.0,0.0,0.0,0.0,29.0,0.0,-10.0,1.0,0.12893,0.0,0.0,0.0,0.0,0.0,0.0,0.0,0.0,0.0,0.0,0.0,0.0,0.0,0.0,0.0
167,4.53,0.25,0.6875,0,0.0,0.0,0.0,0,0,0,0,0,30.6,0.25,2.0,230,0,0.0,0.0,0.0,0,0,0,0,0,0,0,31,-0.14672,3.0,0.73959,0.88274,0.0,0,0.0,0.0,0.0,0.0,0.0,0,0.0,0.0,0.0,0.0,0.0,0,0.0,0.0,0.0,0.0,0.0,29.0,0.0,-10.0,1.0,0.12424,0.0,0.0,0.0,0.0,0.0,0.0,0.0,0.0,0.0,0.0,0.0,0.0,0.0,0.0,0.0
168,4.545,-0.25,0.5875,0,0.0,0.0,0.0,0,0,0,0,0,30.4,-0.25,0.4,240,0,0.0,0.0,0.0,0,0,0,0,0,0,0,32,-0.3668,4.0,0.79771,0.9969,0.0,0,0.0,0.0,0.0,0.0,0.0,0,0.0,0.0,0.0,0.0,0.0,0,0.0,0.0,0.0,0.0,0.0,29.0,0.0,-8.0,1.0,0.10826,0.0,0.0,0.0,0.0,0.0,0.0,0.0,0.0,0.0,0.0,0.0,0.0,0.0,0.0,0.0
169,4.56938,0.0,1.0625,0,0.0,0.0,0.0,0,0,0,0,0,30.6,0.0,1.4,235,0,0.0,0.0,0.0,0,0,0,0,0,0,0,31,-0.14672,5.0,0.71333,0.85477,0.0,37,-0.07336,1.0,0.5145,0.06395,1.0,0,0.0,0.0,0.0,0.0,0.0,0,0.0,0.0,0.0,0.0,0.0,29.0,0.0,-7.0,1.0,0.05041,0.0,0.0,0.0,0.0,0.0,0.0,0.0,0.0,0.0,0.0,0.0,0.0,0.0,0.0,0.0
170,4.55485,-0.5,0.74696,1,0.0,0.0,0.0,0,0,0,0,0,30.2,-0.5,-0.6,240,1,0.0,0.0,0.0,0,0,0,0,0,0,0,29,-0.14672,6.0,0.46995,0.02389,0.0,0,0.0,0.0,0.0,0.0,0.0,0,0.0,0.0,0.0,0.0,0.0,0,0.0,0.0,0.0,0.0,0.0,29.0,0.0,-7.0,1.0,0.05809,0.0,0.0,0.0,0.0,0.0,0.0,0.0,0.0,0.0,0.0,0.0,0.0,0.0,0.0,0.0
171,4.56412,0.25,0.655,0,0.0,0.0,0.0,0,0,0,0,0,30.4,0.25,0.4,235,0,0.0,0.0,0.0,0,0,0,0,0,0,0,32,-0.14672,9.0,0.82605,0.98308,0.0,0,0.0,0.0,0.0,0.0,0.0,0,0.0,0.0,0.0,0.0,0.0,0,0.0,0.0,0.0,0.0,0.0,28.0,0.0,-2.0,1.0,0.04052,0.0,0.0,0.0,0.0,0.0,0.0,0.0,0.0,0.0,0.0,0.0,0.0,0.0,0.0,0.0
172,4.57612,0.75,0.9775,0,0.0,0.0,0.0,0,0,0,0,0,30.6,0.75,1.4,240,0,0.0,0.0,0.0,0,0,0,0,0,0,0,32,-0.22008,8.0,0.81019,0.92071,0.0,0,0.0,0.0,0.0,0.0,0.0,0,0.0,0.0,0.0,0.0,0.0,0,0.0,0.0,0.0,0.0,0.0,28.0,0.0,3.0,1.0,0.04551,0.0,0.0,0.0,0.0,0.0,0.0,0.0,0.0,0.0,0.0,0.0,0.0,0.0,0.0,0.0
173,4.629,0.25,3.02,0,0.0,0.0,0.0,0,0,0,0,0,31.2,0.25,5.0,240,0,0.0,0.0,0.0,0,0,0,0,0,0,0,32,-0.29344,10.0,0.78658,0.99638,0.0,0,0.0,0.0,0.0,0.0,0.0,0,0.0,0.0,0.0,0.0,0.0,0,0.0,0.0,0.0,0.0,0.0,28.0,0.0,3.0,1.0,0.04602,0.0,0.0,0.0,0.0,0.0,0.0,0.0,0.0,0.0,0.0,0.0,0.0,0.0,0.0,0.0
174,4.65337,0.5,4.3825,0,0.0,0.0,0.0,0,0,0,0,0,31.2,0.5,5.8,240,0,0.0,0.0,0.0,0,0,0,0,0,0,0,31,-0.22008,9.0,0.78474,0.98119,0.0,31,-0.22008,-54.0,0.5,0.98119,0.0,0,0.0,0.0,0.0,0.0,0.0,0,0.0,0.0,0.0,0.0,0.0,28.0,0.0,3.0,1.0,0.04527,0.0,0.0,0.0,0.0,0.0,0.0,0.0,0.0,0.0,0.0,0.0,0.0,0.0,0.0,0.0
175,4.66687,-0.75,6.7875,0,0.0,0.0,0.0,0,0,0,0,0,31.2,-0.75,9.2,240,0,0.0,0.0,0.0,0,0,0,0,0,0,0,29,-0.22008,10.0,0.89024,0.86507,0.0,0,0.0,0.0,0.0,0.0,0.0,0,0.0,0.0,0.0,0.0,0.0,0,0.0,0.0,0.0,0.0,0.0,28.0,0.0,7.0,1.0,0.86507,0.0,0.0,0.0,0.0,0.0,0.0,0.0,0.0,0.0,0.0,0.0,0.0,0.0,0.0,0.0
176,4.62937,-0.75,8.125,0,0.0,0.0,0.0,0,0,0,0,0,30.6,-0.75,9.4,240,0,0.0,0.0,0.0,0,0,0,0,0,0,0,29,-0.22008,10.0,0.71018,0.9948,0.0,0,0.0,0.0,0.0,0.0,0.0,0,0.0,0.0,0.0,0.0,0.0,0,0.0,0.0,0.0,0.0,0.0,28.0,0.0,13.0,1.0,0.9948,0.0,0.0,0.0,0.0,0.0,0.0,0.0,0.0,0.0,0.0,0.0,0.0,0.0,0.0,0.0
177,4.6125,0.0,9.475,0,0.0,0.0,0.0,0,0,0,0,0,30.6,0.0,10.6,240,0,0.0,0.0,0.0,0,0,0,0,0,0,0,32,-0.22008,14.0,0.79374,0.72531,0.0,34,0.7336,14.0,0.16789,0.03954,0.0,0,0.0,0.0,0.0,0.0,0.0,0,0.0,0.0,0.0,0.0,0.0,28.0,0.0,12.0,1.0,0.24131,0.0,0.0,0.0,0.0,0.0,0.0,0.0,0.0,0.0,0.0,0.0,0.0,0.0,0.0,0.0
178,4.54125,-0.75,9.9625,0,0.0,0.0,0.0,0,0,0,0,0,29.8,-0.75,10.4,240,0,0.0,0.0,0.0,0,0,0,0,0,0,0,33,-0.22008,14.0,0.832,0.48826,0.0,33,-0.22008,-57.0,0.5,0.48826,0.0,0,0.0,0.0,0.0,0.0,0.0,0,0.0,0.0,0.0,0.0,0.0,28.0,0.0,9.0,1.0,0.09812,0.0,0.0,0.0,0.0,0.0,0.0,0.0,0.0,0.0,0.0,0.0,0.0,0.0,0.0,0.0
179,4.52062,0.75,10.6875,0,0.0,0.0,0.0,0,0,0,0,0,30.0,0.75,11.2,225,0,0.0,0.0,0.0,0,0,0,0,0,0,0,32,-0.22008,13.0,0.80046,0.11666,0.0,0,0.0,0.0,0.0,0.0,0.0,0,0.0,0.0,0.0,0.0,0.0,0,0.0,0.0,0.0,0.0,0.0,32.0,0.0,10.0,1.0,0.11666,0.0,0.0,0.0,0.0,0.0,0.0,0.0,0.0,0.0,0.0,0.0,0.0,0.0,0.0,0.0
180,4.5675,1.0,11.65,0,0.0,0.0,0.0,0,0,0,0,0,30.8,1.0,12.6,215,0,0.0,0.0,0.0,0,0,0,0,0,0,0,33,-0.29344,17.0,0.79374,0.14067,0.0,0,0.0,0.0,0.0,0.0,0.0,0,0.0,0.0,0.0,0.0,0.0,0,0.0,0.0,0.0,0.0,0.0,32.0,0.0,10.0,1.0,0.11495,0.0,0.0,0.0,0.0,0.0,0.0,0.0,0.0,0.0,0.0,0.0,0.0,0.0,0.0,0.0
181,4.63875,0.0,12.8625,0,0.0,0.0,0.0,0,0,0,0,0,31.4,0.0,14.0,205,0,0.0,0.0,0.0,0,0,0,0,0,0,0,32,-0.22008,17.0,0.75207,0.05058,0.0,0,0.0,0.0,0.0,0.0,0.0,0,0.0,0.0,0.0,0.0,0.0,0,0.0,0.0,0.0,0.0,0.0,32.0,0.0,10.0,1.0,0.11177,0.0,0.0,0.0,0.0,0.0,0.0,0.0,0.0,0.0,0.0,0.0,0.0,0.0,0.0,0.0
182,4.67062,1.0,14.025,0,0.0,0.0,0.0,0,0,0,0,0,31.4,1.0,15.2,195,0,0.0,0.0,0.0,0,0,0,0,0,0,0,32,-0.29344,20.0,0.79235,0.01012,0.0,0,0.0,0.0,0.0,0.0,0.0,0,0.0,0.0,0.0,0.0,0.0,0,0.0,0.0,0.0,0.0,0.0,32.0,0.0,11.0,1.0,0.13937,0.0,0.0,0.0,0.0,0.0,0.0,0.0,0.0,0.0,0.0,0.0,0.0,0.0,0.0,0.0
183,4.75125,0.0,15.8375,0,0.0,0.0,0.0,0,0,0,0,0,32.2,0.0,17.6,185,0,0.0,0.0,0.0,0,0,0,0,0,0,0,32,-0.29344,21.0,0.80141,0.36743,0.0,45,0.07336,30.0,0.38029,0.12173,0.0,0,0.0,0.0,0.0,0.0,0.0,0,0.0,0.0,0.0,0.0,0.0,32.0,0.0,12.0,1.0,0.11882,0.0,0.0,0.0,0.0,0.0,0.0,0.0,0.0,0.0,0.0,0.0,0.0,0.0,0.0,0.0
184,4.82438,0.25,17.6625,0,0.0,0.0,0.0,0,0,0,0,0,32.6,0.25,19.4,175,0,0.0,0.0,0.0,0,0,0,0,0,0,0,34,-0.44016,23.0,0.67247,0.0128,0.0,0,0.0,0.0,0.0,0.0,0.0,0,0.0,0.0,0.0,0.0,0.0,0,0.0,0.0,0.0,0.0,0.0,32.0,0.0,12.0,1.0,0.0635,0.0,0.0,0.0,0.0,0.0,0.0,0.0,0.0,0.0,0.0,0.0,0.0,0.0,0.0,0.0
185,4.875,0.5,19.475,0,0.0,0.0,0.0,0,0,0,0,0,32.8,0.5,21.2,165,0,0.0,0.0,0.0,0,0,0,0,0,0,0,34,-0.44016,25.0,0.64187,0.29454,0.0,41,-0.3668,13.0,0.30005,0.0165,1.0,0,0.0,0.0,0.0,0.0,0.0,0,0.0,0.0,0.0,0.0,0.0,32.0,0.0,13.0,1.0,0.04796,0.0,0.0,0.0,0.0,0.0,0.0,0.0,0.0,0.0,0.0,0.0,0.0,0.0,0.0,0.0
186,4.9125,0.25,20.975,0,0.0,0.0,0.0,0,0,0,0,0,33.0,0.25,22.4,170,0,0.0,0.0,0.0,0,0,0,0,0,0,0,33,-0.14672,23.0,0.81717,0.96777,0.0,0,0.0,0.0,0.0,0.0,0.0,0,0.0,0.0,0.0,0.0,0.0,0,0.0,0.0,0.0,0.0,0.0,33.0,0.0,17.0,1.0,0.06604,0.0,0.0,0.0,0.0,0.0,0.0,0.0,0.0,0.0,0.0,0.0,0.0,0.0,0.0,0.0
187,4.95,0.25,22.7625,0,0.0,0.0,0.0,0,0,0,0,0,33.2,0.25,24.4,175,0,0.0,0.0,0.0,0,0,0,0,0,0,0,33,0.07336,30.0,0.80221,0.57211,0.0,0,0.0,0.0,0.0,0.0,0.0,0,0.0,0.0,0.0,0.0,0.0,0,0.0,0.0,0.0,0.0,0.0,33.0,0.0,18.0,1.0,0.06255,0.0,0.0,0.0,0.0,0.0,0.0,0.0,0.0,0.0,0.0,0.0,0.0,0.0,0.0,0.0
188,4.98188,-0.25,24.5375,0,0.0,0.0,0.0,0,0,0,0,0,33.4,-0.25,26.2,165,0,0.0,0.0,0.0,0,0,0,0,0,0,0,33,0.22008,30.0,0.84397,0.23606,0.0,44,0.3668,38.0,0.26763,0.19565,1.0,0,0.0,0.0,0.0,0.0,0.0,0,0.0,0.0,0.0,0.0,0.0,33.0,0.0,19.0,1.0,0.08143,33.0,0.0,-55.0,0.5,0.08143,0.0,0.0,0.0,0.0,0.0,0.0,0.0,0.0,0.0,0.0
189,4.98188,-0.25,26.125,0,0.0,0.0,0.0,0,0,0,0,0,33.2,-0.25,27.6,155,0,0.0,0.0,0.0,0,0,0,0,0,0,0,33,0.44016,29.0,0.7237,0.90995,0.0,0,0.0,0.0,0.0,0.0,0.0,0,0.0,0.0,0.0,0.0,0.0,0,0.0,0.0,0.0,0.0,0.0,33.0,0.0,22.0,1.0,0.09563,33.0,0.0,-51.0,0.5,0.09563,0.0,0.0,0.0,0.0,0.0,0.0,0.0,0.0,0.0,0.0
190,4.96688,0.0,27.3,0,0.0,0.0,0.0,0,0,0,0,0,33.0,0.0,28.4,145,0,0.0,0.0,0.0,0,0,0,0,0,0,0,33,0.7336,31.0,0.77414,0.63757,0.0,44,0.80696,38.0,0.2335,0.13019,1.0,0,0.0,0.0,0.0,0.0,0.0,0,0.0,0.0,0.0,0.0,0.0,33.0,0.0,24.0,1.0,0.10957,0.0,0.0,0.0,0.0,0.0,0.0,0.0,0.0,0.0,0.0,0.0,0.0,0.0,0.0,0.0
191,4.95937,0.0,28.3125,0,0.0,0.0,0.0,0,0,0,0,0,33.0,0.0,29.2,135,0,0.0,0.0,0.0,0,0,0,0,0,0,0,33,0.7336,34.0,0.81121,0.01518,0.0,43,-1.02703,36.0,0.48983,0.09165,1.0,0,0.0,0.0,0.0,0.0,0.0,0,0.0,0.0,0.0,0.0,0.0,33.0,0.0,23.0,0.8,0.09967,33.0,0.0,-53.0,0.5,0.09967,0.0,0.0,0.0,0.0,0.0,0.0,0.0,0.0,0.0,0.0
192,4.94062,-0.25,29.0125,0,0.0,0.0,0.0,0,0,0,0,0,32.8,-0.25,29.6,125,0,0.0,0.0,0.0,0,0,0,0,0,0,0,32,0.7336,33.0,0.8586,0.15959,0.0,42,0.7336,40.0,0.48119,0.27705,1.0,0,0.0,0.0,0.0,0.0,0.0,0,0.0,0.0,0.0,0.0,0.0,34.0,0.0,25.0,0.8,0.06024,0.0,0.0,0.0,0.0,0.0,0.0,0.0,0.0,0.0,0.0,0.0,0.0,0.0,0.0,0.0
193,4.89937,-0.5,29.35,0,0.0,0.0,0.0,0,0,0,0,0,32.4,-0.5,29.6,130,0,0.0,0.0,0.0,0,0,0,0,0,0,0,31,0.7336,32.0,0.8081,0.00677,0.0,41,0.7336,40.0,0.82175,0.00988,1.0,0,0.0,0.0,0.0,0.0,0.0,0,0.0,0.0,0.0,0.0,0.0,34.0,-0.0552,24.0,0.8,0.06658,0.0,0.0,0.0,0.0,0.0,0.0,0.0,0.0,0.0,0.0,0.0,0.0,0.0,0.0,0.0
194,4.84875,-0.5,29.9,0,0.0,0.0,0.0,0,0,0,0,0,32.0,-0.5,30.4,120,0,0.0,0.0,0.0,0,0,0,0,0,0,0,31,0.88031,35.0,0.82544,0.95039,0.0,0,0.0,0.0,0.0,0.0,0.0,0,0.0,0.0,0.0,0.0,0.0,0,0.0,0.0,0.0,0.0,0.0,33.0,0.046,25.0,0.65434,0.05606,0.0,0.0,0.0,0.0,0.0,0.0,0.0,0.0,0.0,0.0,0.0,0.0,0.0,0.0,0.0
195,4.77938,-0.75,30.575,0,0.0,0.0,0.0,0,0,0,0,0,31.4,-0.75,31.2,115,0,0.0,0.0,0.0,0,0,0,0,0,0,0,30,0.88031,35.0,0.84792,0.99326,0.0,0,0.0,0.0,0.0,0.0,0.0,0,0.0,0.0,0.0,0.0,0.0,0,0.0,0.0,0.0,0.0,0.0,0.0,0.0,0.0,0.0,0.0,0.0,0.0,0.0,0.0,0.0,0.0,0.0,0.0,0.0,0.0,0.0,0.0,0.0,0.0,0.0
196,4.68375,-0.75,31.4,0,0.0,0.0,0.0,0,0,0,0,0,30.6,-0.75,32.2,125,0,0.0,0.0,0.0,0,0,0,0,0,0,0,29,0.7336,36.0,0.77825,0.84007,0.0,0,0.0,0.0,0.0,0.0,0.0,0,0.0,0.0,0.0,0.0,0.0,0,0.0,0.0,0.0,0.0,0.0,0.0,0.0,0.0,0.0,0.0,0.0,0.0,0.0,0.0,0.0,0.0,0.0,0.0,0.0,0.0,0.0,0.0,0.0,0.0,0.0
197,4.575,-0.75,32.0,0,0.0,0.0,0.0,0,0,0,0,0,29.8,-0.75,32.6,135,0,0.0,0.0,0.0,0,0,0,0,0,0,0,28,0.88031,35.0,0.76926,0.03094,0.0,38,0.80696,43.0,0.26503,0.01373,1.0,0,0.0,0.0,0.0,0.0,0.0,0,0.0,0.0,0.0,0.0,0.0,0.0,0.0,0.0,0.0,0.0,0.0,0.0,0.0,0.0,0.0,0.0,0.0,0.0,0.0,0.0,0.0,0.0,0.0,0.0,0.0
198,4.46062,-1.0,32.925,0,0.0,0.0,0.0,0,0,0,0,0,29.0,-1.0,33.8,145,0,0.0,0.0,0.0,0,0,0,0,0,0,0,27,1.02703,39.0,0.8468,0.32798,0.0,38,0.88031,44.0,0.3557,0.13452,1.0,0,0.0,0.0,0.0,0.0,0.0,0,0.0,0.0,0.0,0.0,0.0,0.0,0.0,0.0,0.0,0.0,0.0,0.0,0.0,0.0,0.0,0.0,0.0,0.0,0.0,0.0,0.0,0.0,0.0,0.0,0.0
199,4.3275,-1.0,33.9875,0,0.0,0.0,0.0,0,0,0,0,0,28.0,-1.0,35.0,140,0,0.0,0.0,0.0,0,0,0,0,0,0,0,26,-1.10039,42.0,0.80976,0.22742,0.0,38,0.95367,52.0,0.37286,0.09355,1.0,0,0.0,0.0,0.0,0.0,0.0,0,0.0,0.0,0.0,0.0,0.0,0.0,0.0,0.0,0.0,0.0,0.0,0.0,0.0,0.0,0.0,0.0,0.0,0.0,0.0,0.0,0.0,0.0,0.0,0.0,0.0
200,4.2,-0.75,34.825,0,0.0,0.0,0.0,0,0,0,0,0,27.2,-0.75,35.6,135,0,0.0,0.0,0.0,0,0,0,0,0,0,0,26,0.80696,37.0,0.77315,0.01255,0.0,37,0.7336,53.0,0.33972,0.54229,0.75,0,0.0,0.0,0.0,0.0,0.0,0,0.0,0.0,0.0,0.0,0.0,0.0,0.0,0.0,0.0,0.0,0.0,0.0,0.0,0.0,0.0,0.0,0.0,0.0,0.0,0.0,0.0,0.0,0.0,0.0,0.0
201,4.09125,-0.5,35.725,0,0.0,0.0,0.0,0,0,0,0,0,26.6,-0.5,36.6,130,0,0.0,0.0,0.0,0,0,0,0,0,0,0,26,0.80696,39.0,0.76555,0.04415,0.0,0,0.0,0.0,0.0,0.0,0.0,0,0.0,0.0,0.0,0.0,0.0,0,0.0,0.0,0.0,0.0,0.0,0.0,0.0,0.0,0.0,0.0,0.0,0.0,0.0,0.0,0.0,0.0,0.0,0.0,0.0,0.0,0.0,0.0,0.0,0.0,0.0
202,3.96188,-1.0,36.8,0,0.0,0.0,0.0,0,0,0,0,0,25.6,-1.0,37.8,125,0,0.0,0.0,0.0,0,0,0,0,0,0,0,23,0.80696,46.0,0.92959,0.38138,0.0,24,-0.80696,51.0,0.42203,0.00385,0.0,0,0.0,0.0,0.0,0.0,0.0,0,0.0,0.0,0.0,0.0,0.0,0.0,0.0,0.0,0.0,0.0,0.0,0.0,0.0,0.0,0.0,0.0,0.0,0.0,0.0,0.0,0.0,0.0,0.0,0.0,0.0
203,3.83625,-0.75,38.5375,0,0.0,0.0,0.0,0,0,0,0,0,24.8,-0.75,40.2,120,0,0.0,0.0,0.0,0,0,0,0,0,0,0,23,0.95367,45.0,0.91519,0.89914,0.0,23,-1.10039,45.0,0.80146,0.96889,0.0,41,0.07336,42.0,0.5433,0.00332,0.0,0,0.0,0.0,0.0,0.0,0.0,40.0,0.0322,42.0,0.71353,0.00332,0.0,0.0,0.0,0.0,0.0,0.0,0.0,0.0,0.0,0.0,0.0,0.0,0.0,0.0,0.0
204,3.71437,-1.0,39.6875,0,0.0,0.0,0.0,0,0,0,0,0,24.0,-1.0,40.8,115,0,0.0,0.0,0.0,0,0,0,0,0,0,0,22,0.88031,46.0,0.86694,0.98976,0.0,23,-0.88031,47.0,0.39796,0.52818,0.0,23,-0.88031,-35.0,0.39796,0.52818,0.0,25,-0.51352,39.0,0.44232,0.01203,1.0,40.0,0.0276,45.0,0.8,0.18861,0.0,0.0,0.0,0.0,0.0,0.0,0.0,0.0,0.0,0.0,0.0,0.0,0.0,0.0,0.0
205,3.57938,-1.25,40.775,0,0.0,0.0,0.0,0,0,0,0,0,23.0,-1.25,41.8,125,0,0.0,0.0,0.0,0,0,0,0,0,0,0,21,0.80696,46.0,0.91215,0.65258,0.0,34,0.22008,54.0,0.50072,0.33114,0.0,41,0.07336,47.0,0.43346,0.45342,0.0,0,0.0,0.0,0.0,0.0,0.0,40.0,0.0322,46.0,0.8,0.45342,0.0,0.0,0.0,0.0,0.0,0.0,0.0,0.0,0.0,0.0,0.0,0.0,0.0,0.0,0.0
206,3.435,-0.5,41.725,0,0.0,0.0,0.0,0,0,0,0,0,22.0,-0.5,42.6,135,0,0.0,0.0,0.0,0,0,0,0,0,0,0,21,0.80696,44.0,0.9258,0.997,0.0,21,-1.10039,44.0,0.55295,0.00971,0.0,34,0.29344,50.0,0.77977,0.99484,0.5,41,-1.17375,41.0,0.32999,0.69402,1.0,40.0,0.0,46.0,1.0,0.11948,0.0,0.0,0.0,0.0,0.0,0.0,0.0,0.0,0.0,0.0,0.0,0.0,0.0,0.0,0.0
207,3.31875,-0.75,42.3375,0,0.0,0.0,0.0,0,0,0,0,0,21.4,-0.75,42.8,145,0,0.0,0.0,0.0,0,0,0,0,0,0,0,20,1.02703,44.0,0.95068,0.95881,0.0,20,-1.17375,44.0,0.56884,0.97528,0.0,23,0.22008,45.0,0.36493,0.73541,0.0,33,0.22008,40.0,0.29067,0.45044,0.75,40.0,0.0552,46.0,0.8,0.20571,0.0,0.0,0.0,0.0,0.0,0.0,0.0,0.0,0.0,0.0,0.0,0.0,0.0,0.0,0.0
208,3.21562,-0.5,42.0875,0,0.0,0.0,0.0,0,0,0,0,0,20.8,-0.5,41.8,165,0,0.0,0.0,0.0,0,0,0,0,0,0,0,19,0.88031,44.0,0.77354,0.90662,0.0,20,-0.66024,45.0,0.50198,0.1969,0.0,20,-0.66024,-25.0,0.5,0.1969,0.0,0,0.0,0.0,0.0,0.0,0.0,40.0,0.0506,45.0,0.8,0.17623,0.0,0.0,0.0,0.0,0.0,0.0,0.0,0.0,0.0,0.0,0.0,0.0,0.0,0.0,0.0
209,3.08812,-1.0,41.675,0,0.0,0.0,0.0,0,0,0,0,0,19.8,-1.0,41.2,175,0,0.0,0.0,0.0,0,0,0,0,0,0,0,17,0.80696,43.0,0.83521,0.98828,0.0,40,0.88031,54.0,0.4765,0.53231,1.0,0,0.0,0.0,0.0,0.0,0.0,0,0.0,0.0,0.0,0.0,0.0,40.0,0.0368,45.0,0.8,0.36332,0.0,0.0,0.0,0.0,0.0,0.0,0.0,0.0,0.0,0.0,0.0,0.0,0.0,0.0,0.0
210,2.96438,-1.0,42.6625,0,0.0,0.0,0.0,0,0,0,0,0,19.0,-1.0,43.6,185,0,0.0,0.0,0.0,0,0,0,0,0,0,0,17,0.95367,46.0,0.87583,0.97246,0.0,18,-1.10039,45.0,0.20441,0.95596,0.0,40,0.80696,50.0,0.35165,0.02817,1.0,0,0.0,0.0,0.0,0.0,0.0,40.0,0.0368,46.0,0.8,0.02817,0.0,0.0,0.0,0.0,0.0,0.0,0.0,0.0,0.0,0.0,0.0,0.0,0.0,0.0,0.0
211,2.82938,-1.0,43.4375,0,0.0,0.0,0.0,0,0,0,0,0,18.0,-1.0,44.2,195,0,0.0,0.0,0.0,0,0,0,0,0,0,0,16,0.80696,44.0,0.76661,0.99455,0.0,33,0.07336,47.0,0.36493,0.50993,0.0,0,0.0,0.0,0.0,0.0,0.0,0,0.0,0.0,0.0,0.0,0.0,34.0,-0.0368,45.0,0.8,0.50993,40.0,0.069,47.0,0.74941,0.44091,0.0,0.0,0.0,0.0,0.0,0.0,0.0,0.0,0.0,0.0
212,2.70187,-1.0,43.8875,0,0.0,0.0,0.0,0,0,0,0,0,17.2,-1.0,44.4,215,0,0.0,0.0,0.0,0,0,0,0,0,0,0,13,1.02703,34.0,0.58594,0.99315,0.0,16,-1.17375,42.0,0.43136,0.94874,0.5,24,0.66024,26.0,0.32407,0.97696,1.0,41,-1.17375,49.0,0.61868,0.20287,1.0,34.0,-0.0736,47.0,0.8,0.13525,40.0,0.069,48.0,0.74352,0.20287,0.0,0.0,0.0,0.0,0.0,0.0,0.0,0.0,0.0,0.0
213,2.54625,-0.75,42.325,0,0.0,0.0,0.0,0,0,0,0,0,16.0,-0.75,40.8,225,0,0.0,0.0,0.0,0,0,0,0,0,0,0,14,0.95367,26.0,0.84763,0.95362,0.0,41,-0.07336,58.0,0.4914,0.07162,0.0,0,0.0,0.0,0.0,0.0,0.0,0,0.0,0.0,0.0,0.0,0.0,34.0,-0.0552,46.0,0.8,0.13471,40.0,0.069,46.0,0.73978,0.27174,0.0,0.0,0.0,0.0,0.0,0.0,0.0,0.0,0.0,0.0
214,2.40937,-1.0,41.6375,0,0.0,0.0,0.0,0,0,0,0,0,15.2,-1.0,40.8,220,0,0.0,0.0,0.0,0,0,0,0,0,0,0,13,0.66024,33.0,0.85651,0.11672,0.0,17,0.3668,31.0,0.53927,0.97056,1.0,32,0.22008,30.0,0.27659,0.04309,0.0,41,-0.07336,55.0,0.46802,0.11706,0.0,34.0,-0.0552,48.0,0.8,0.13386,40.0,0.069,46.0,0.76169,0.0992,0.0,0.0,0.0,0.0,0.0,0.0,0.0,0.0,0.0,0.0
215,2.265,-1.0,39.0375,0,0.0,0.0,0.0,0,0,0,0,0,14.2,-1.0,36.4,230,0,0.0,0.0,0.0,0,0,0,0,0,0,0,12,0.51352,32.0,0.93454,0.99311,0.0,12,0.95367,32.0,0.85284,0.97266,0.0,0,0.0,0.0,0.0,0.0,0.0,0,0.0,0.0,0.0,0.0,0.0,34.0,-0.0552,48.0,0.8,0.13827,40.0,0.069,46.0,0.75033,0.06873,0.0,0.0,0.0,0.0,0.0,0.0,0.0,0.0,0.0,0.0
216,2.13375,-1.0,36.025,0,0.0,0.0,0.0,0,0,0,0,0,13.4,-1.0,33.0,225,0,0.0,0.0,0.0,0,0,0,0,0,0,0,12,0.58688,27.0,0.75867,0.23628,0.0,15,0.3668,27.0,0.8376,0.97827,0.25,24,0.29344,18.0,0.39549,0.98907,1.0,32,-0.3668,28.0,0.23752,0.02379,0.0,24.0,0.0506,22.0,0.65133,0.98907,40.0,0.069,47.0,0.8,0.08481,0.0,0.0,0.0,0.0,0.0,0.0,0.0,0.0,0.0,0.0
217,2.00625,-0.5,33.0,0,0.0,0.0,0.0,0,0,0,0,0,12.6,-0.5,30.2,210,0,0.0,0.0,0.0,0,0,0,0,0,0,0,11,-0.14672,31.0,0.74371,0.4926,0.0,12,0.29344,28.0,0.90597,0.99534,0.0,32,0.29344,37.0,0.23418,0.06493,0.75,0,0.0,0.0,0.0,0.0,0.0,11.0,0.0414,31.0,0.65532,0.4926,40.0,-0.0736,48.0,0.8,0.12991,0.0,0.0,0.0,0.0,0.0,0.0,0.0,0.0,0.0,0.0
218,1.89937,-0.5,31.5,0,0.0,0.0,0.0,0,0,0,0,0,12.0,-0.5,30.0,215,0,0.0,0.0,0.0,0,0,0,0,0,0,0,11,0.29344,24.0,0.912,0.9975,0.0,32,0.51352,41.0,0.23997,0.0423,1.0,0,0.0,0.0,0.0,0.0,0.0,0,0.0,0.0,0.0,0.0,0.0,11.0,-0.0506,31.0,0.67108,0.9975,40.0,-0.0736,48.0,0.78379,0.17269,0.0,0.0,0.0,0.0,0.0,0.0,0.0,0.0,0.0,0.0
219,1.815,-0.25,28.4125,0,0.0,0.0,0.0,0,0,0,0,0,11.6,-0.25,25.6,235,0,0.0,0.0,0.0,0,0,0,0,0,0,0,11,0.3668,18.0,0.8836,0.99635,0.0,0,0.0,0.0,0.0,0.0,0.0,0,0.0,0.0,0.0,0.0,0.0,0,0.0,0.0,0.0,0.0,0.0,11.0,0.0598,32.0,0.70749,0.99635,40.0,-0.0736,48.0,0.56862,0.08532,0.0,0.0,0.0,0.0,0.0,0.0,0.0,0.0,0.0,0.0
220,1.75875,-0.25,25.1,0,0.0,0.0,0.0,0,0,0,0,0,11.4,-0.25,22.0,240,0,0.0,0.0,0.0,0,0,0,0,0,0,0,11,0.3668,16.0,0.87728,0.99703,0.0,14,0.3668,11.0,0.70172,0.0568,0.5,22,0.07336,8.0,0.38987,0.17828,1.0,0,0.0,0.0,0.0,0.0,0.0,11.0,0.069,31.0,0.72667,0.99703,40.0,-0.0736,51.0,0.47232,0.13742,0.0,0.0,0.0,0.0,0.0,0.0,0.0,0.0,0.0,0.0
221,1.70062,-0.5,23.7625,0,0.0,0.0,0.0,0,0,0,0,0,11.0,-0.5,22.6,240,0,0.0,0.0,0.0,0,0,0,0,0,0,0,10,0.44016,23.0,0.85203,0.9941,0.0,0,0.0,0.0,0.0,0.0,0.0,0,0.0,0.0,0.0,0.0,0.0,0,0.0,0.0,0.0,0.0,0.0,11.0,0.0598,30.0,0.71368,0.9941,40.0,-0.0736,54.0,0.41928,0.29574,0.0,0.0,0.0,0.0,0.0,0.0,0.0,0.0,0.0,0.0
222,1.6425,-0.25,20.375,0,0.0,0.0,0.0,0,0,0,0,0,10.6,-0.25,17.0,240,0,0.0,0.0,0.0,0,0,0,0,0,0,0,10,0.44016,1.0,0.94673,0.99539,0.0,0,0.0,0.0,0.0,0.0,0.0,0,0.0,0.0,0.0,0.0,0.0,0,0.0,0.0,0.0,0.0,0.0,11.0,0.0598,32.0,0.70277,0.68371,0.0,0.0,0.0,0.0,0.0,0.0,0.0,0.0,0.0,0.0,0.0,0.0,0.0,0.0,0.0
223,1.58438,-0.5,16.15,0,0.0,0.0,0.0,0,0,0,0,0,10.2,-0.5,12.2,240,0,0.0,0.0,0.0,0,0,0,0,0,0,0,9,0.14672,-0.0,0.85203,0.99266,0.0,15,0.14672,5.0,0.46239,0.67467,0.5,21,0.29344,2.0,0.35202,0.71574,1.0,0,0.0,0.0,0.0,0.0,0.0,8.0,-0.0322,-4.0,0.70834,0.99266,40.0,0.0276,59.0,0.34329,0.87605,0.0,0.0,0.0,0.0,0.0,0.0,0.0,0.0,0.0,0.0
224,1.52625,-0.5,11.8625,0,0.0,0.0,0.0,0,0,0,0,0,9.8,-0.5,7.8,240,0,0.0,0.0,0.0,0,0,0,0,0,0,0,9,-0.14672,-5.0,0.94041,0.06808,0.0,16,-0.22008,-7.0,0.70684,0.13992,1.0,36,-0.58688,20.0,0.35745,0.12134,0.5,0,0.0,0.0,0.0,0.0,0.0,8.0,0.046,-3.0,0.8,0.06808,40.0,0.0276,69.0,0.33253,0.91805,0.0,0.0,0.0,0.0,0.0,0.0,0.0,0.0,0.0,0.0
225,1.48125,0.0,7.85,0,0.0,0.0,0.0,0,0,0,0,0,9.6,0.0,3.8,220,0,0.0,0.0,0.0,0,0,0,0,0,0,0,10,-0.3668,-12.0,0.7402,0.03919,0.0,22,-0.14672,-5.0,0.41884,0.03777,0.5,29,-0.14672,-5.0,0.26825,0.02333,0.3333333333333333,0,0.0,0.0,0.0,0.0,0.0,8.0,0.046,-3.0,0.8,0.03919,0.0,0.0,0.0,0.0,0.0,0.0,0.0,0.0,0.0,0.0,0.0,0.0,0.0,0.0,0.0
226,1.47375,0.25,1.15,0,0.0,0.0,0.0,0,0,0,0,0,9.8,0.25,-5.2,210,0,0.0,0.0,0.0,0,0,0,0,0,0,0,11,-0.51352,-16.0,0.76043,0.00856,0.0,16,-0.22008,-11.0,0.41115,0.01028,0.5714285714285714,16,-0.22008,52.0,0.41115,0.01028,0.5714285714285714,36,0.14672,-15.0,0.31964,0.03515,0.1111111111111111,8.0,-0.046,-2.0,0.8,0.05644,0.0,0.0,0.0,0.0,0.0,0.0,0.0,0.0,0.0,0.0,0.0,0.0,0.0,0.0,0.0
227,1.5,0.75,-3.975,0,0.0,0.0,0.0,0,0,0,0,0,10.2,0.75,-8.8,200,0,0.0,0.0,0.0,0,0,0,0,0,0,0,12,-0.29344,-18.0,0.77245,0.01064,0.0,22,-0.14672,-8.0,0.54725,0.02943,0.75,32,0.22008,-9.0,0.29914,0.02715,0.0,0,0.0,0.0,0.0,0.0,0.0,8.0,0.0,-3.0,1.0,0.0881,0.0,0.0,0.0,0.0,0.0,0.0,0.0,0.0,0.0,0.0,0.0,0.0,0.0,0.0,0.0
228,1.54312,0.5,-9.125,0,0.0,0.0,0.0,0,0,0,0,0,10.6,0.5,-14.0,190,0,0.0,0.0,0.0,0,0,0,0,0,0,0,11,-0.22008,-26.0,0.73819,0.01487,0.0,15,-0.22008,-19.0,0.72159,0.01039,0.3333333333333333,36,0.14672,-28.0,0.41694,0.10485,0.16666666666666666,0,0.0,0.0,0.0,0.0,0.0,8.0,0.0,-2.0,1.0,0.06261,0.0,0.0,0.0,0.0,0.0,0.0,0.0,0.0,0.0,0.0,0.0,0.0,0.0,0.0,0.0
229,1.61062,0.5,-13.5875,0,0.0,0.0,0.0,0,0,0,0,0,11.2,0.5,-17.8,180,0,0.0,0.0,0.0,0,0,0,0,0,0,0,12,-0.22008,-24.0,0.83136,0.00552,0.0,23,-0.14672,-28.0,0.25966,0.03362,1.0,32,0.29344,-42.0,0.24814,0.03078,0.0,0,0.0,0.0,0.0,0.0,0.0,8.0,0.0,-2.0,1.0,0.12464,0.0,0.0,0.0,0.0,0.0,0.0,0.0,0.0,0.0,0.0,0.0,0.0,0.0,0.0,0.0
230,1.67625,0.25,-17.775,0,0.0,0.0,0.0,0,0,0,0,0,11.6,0.25,-21.4,170,0,0.0,0.0,0.0,0,0,0,0,0,0,0,12,-0.14672,-24.0,0.91107,0.41994,0.0,25,-0.14672,-26.0,0.48445,0.16813,0.6666666666666666,40,0.07336,-38.0,0.31356,0.06575,1.0,0,0.0,0.0,0.0,0.0,0.0,8.0,0.0,-2.0,1.0,0.09713,0.0,0.0,0.0,0.0,0.0,0.0,0.0,0.0,0.0,0.0,0.0,0.0,0.0,0.0,0.0
231,1.725,0.0,-21.1,0,0.0,0.0,0.0,0,0,0,0,0,11.8,0.0,-24.2,160,0,0.0,0.0,0.0,0,0,0,0,0,0,0,12,-0.07336,-29.0,0.91604,0.03394,0.0,15,-0.14672,-29.0,0.76704,0.24204,0.0,23,-0.14672,-24.0,0.49479,0.0661,1.0,38,-0.51352,-42.0,0.5719,0.02282,0.75,10.0,0.0,-5.0,1.0,0.57675,0.0,0.0,0.0,0.0,0.0,0.0,0.0,0.0,0.0,0.0,0.0,0.0,0.0,0.0,0.0
232,1.73438,0.0,-24.6125,0,0.0,0.0,0.0,0,0,0,0,0,11.6,0.0,-27.8,165,0,0.0,0.0,0.0,0,0,0,0,0,0,0,13,-0.14672,-36.0,0.75773,0.22907,0.0,23,-0.14672,-27.0,0.42586,0.02937,0.75,33,0.14672,-44.0,0.49831,0.3028,0.3333333333333333,40,-0.3668,-45.0,0.57784,0.05995,0.6666666666666666,11.0,0.0,-36.0,1.0,0.22907,0.0,0.0,0.0,0.0,0.0,0.0,0.0,0.0,0.0,0.0,0.0,0.0,0.0,0.0,0.0
233,1.77,0.25,-27.225,0,0.0,0.0,0.0,0,0,0,0,0,12.0,0.25,-29.6,155,0,0.0,0.0,0.0,0,0,0,0,0,0,0,13,-0.14672,-35.0,0.81797,0.04844,0.0,24,-0.14672,-40.0,0.6219,0.01982,1.0,32,0.07336,-52.0,0.58421,0.51557,0.5714285714285714,36,-0.14672,-22.0,0.24778,0.107,1.0,11.0,0.0,-33.0,1.0,0.04844,0.0,0.0,0.0,0.0,0.0,0.0,0.0,0.0,0.0,0.0,0.0,0.0,0.0,0.0,0.0
234,1.78687,0.0,-29.625,0,0.0,0.0,0.0,0,0,0,0,0,12.0,0.0,-31.8,145,0,0.0,0.0,0.0,0,0,0,0,0,0,0,12,-0.29344,-35.0,0.80114,0.10365,0.0,32,0.14672,-46.0,0.46528,0.0769,0.0,40,-0.3668,-46.0,0.38056,0.21359,0.8,0,0.0,0.0,0.0,0.0,0.0,8.0,0.0,-1.0,1.0,0.10044,16.0,0.0,-25.0,0.26107,0.17565,16.0,0.0,55.0,0.26107,0.17565,0.0,0.0,0.0,0.0,0.0
235,1.79437,0.0,-32.2,0,0.0,0.0,0.0,0,0,0,0,0,12.0,0.0,-34.6,135,0,0.0,0.0,0.0,0,0,0,0,0,0,0,12,-0.44016,-38.0,0.80702,0.05384,0.0,17,-0.14672,-36.0,0.50265,0.09136,0.26666666666666666,26,-0.14672,-48.0,0.40106,0.06355,0.25,40,-0.3668,-54.0,0.67591,0.12575,0.75,8.0,0.0,-0.0,0.88381,0.11789,16.0,0.0,-26.0,0.39083,0.09136,0.0,0.0,0.0,0.0,0.0,0.0,0.0,0.0,0.0,0.0
236,1.81125,0.5,-34.5125,0,0.0,0.0,0.0,0,0,0,0,0,12.2,0.5,-36.6,125,0,0.0,0.0,0.0,0,0,0,0,0,0,0,13,-0.44016,-39.0,0.74922,0.00585,0.0,30,-0.07336,-39.0,0.60524,0.2082,0.2,33,-0.3668,-39.0,0.30688,0.02072,1.0,40,-0.44016,-54.0,0.43615,0.12125,1.0,11.0,0.0,-34.0,1.0,0.00585,0.0,0.0,0.0,0.0,0.0,0.0,0.0,0.0,0.0,0.0,0.0,0.0,0.0,0.0,0.0
237,1.8525,0.0,-35.9125,0,0.0,0.0,0.0,0,0,0,0,0,12.6,0.0,-37.2,115,0,0.0,0.0,0.0,0,0,0,0,0,0,0,13,-0.3668,-39.0,0.78232,0.00411,0.0,32,-0.07336,-43.0,0.41651,0.19443,0.0,39,-0.22008,-52.0,0.51888,0.79868,0.5,0,0.0,0.0,0.0,0.0,0.0,11.0,0.0,-33.0,1.0,0.00411,0.0,0.0,0.0,0.0,0.0,0.0,0.0,0.0,0.0,0.0,0.0,0.0,0.0,0.0,0.0
238,1.84125,-0.25,-36.425,0,0.0,0.0,0.0,0,0,0,0,0,12.2,-0.25,-36.8,120,0,0.0,0.0,0.0,0,0,0,0,0,0,0,15,-0.29344,-38.0,0.74942,0.0085,0.0,15,-0.29344,40.0,0.5,0.0085,0.0,26,-0.07336,-33.0,0.39937,0.02369,1.0,33,0.07336,-52.0,0.70912,0.95498,0.5,11.0,0.0,-33.0,1.0,0.05031,0.0,0.0,0.0,0.0,0.0,0.0,0.0,0.0,0.0,0.0,0.0,0.0,0.0,0.0,0.0
239,1.82062,-0.25,-36.6,0,0.0,0.0,0.0,0,0,0,0,0,12.0,-0.25,-36.6,125,0,0.0,0.0,0.0,0,0,0,0,0,0,0,14,-0.29344,-38.0,0.71122,0.00619,0.0,26,-0.07336,-35.0,0.51885,0.03161,0.6666666666666666,32,-0.07336,-39.0,0.59271,0.48616,0.8333333333333334,40,-0.07336,-69.0,0.75306,0.56866,0.8333333333333334,11.0,0.0,-34.0,1.0,0.00619,0.0,0.0,0.0,0.0,0.0,0.0,0.0,0.0,0.0,0.0,0.0,0.0,0.0,0.0,0.0    
240,1.84125,0.25,-36.8625,0,0.0,0.0,0.0,0,0,0,0,0,12.4,0.25,-37.0,115,0,0.0,0.0,0.0,0,0,0,0,0,0,0,14,-0.14672,-40.0,0.8263,0.09506,0.0,32,-0.07336,-48.0,0.85845,0.07868,1.0,41,0.07336,-59.0,0.87115,0.98557,0.6666666666666666,0,0.0,0.0,0.0,0.0,0.0,11.0,0.0,-37.0,1.0,0.09506,0.0,0.0,0.0,0.0,0.0,0.0,0.0,0.0,0.0,0.0,0.0,0.0,0.0,0.0,0.0
241,1.8675,0.25,-36.75,0,0.0,0.0,0.0,0,0,0,0,0,12.6,0.25,-36.6,105,0,0.0,0.0,0.0,0,0,0,0,0,0,0,14,0.07336,-37.0,0.78968,0.60279,0.0,14,0.51352,-37.0,0.56964,0.99887,0.0,32,0.07336,-48.0,0.58404,0.51245,1.0,41,0.14672,-56.0,0.76313,0.88597,1.0,13.0,0.0,-35.0,1.0,0.60279,0.0,0.0,0.0,0.0,0.0,0.0,0.0,0.0,0.0,0.0,0.0,0.0,0.0,0.0,0.0
242,1.87688,0.5,-36.4625,0,0.0,0.0,0.0,0,0,0,0,0,12.6,0.5,-36.2,110,0,0.0,0.0,0.0,0,0,0,0,0,0,0,14,0.14672,-37.0,0.79297,0.06171,0.0,31,0.07336,-54.0,0.33607,0.09418,1.0,40,0.22008,-52.0,0.67004,0.7226,1.0,0,0.0,0.0,0.0,0.0,0.0,13.0,0.0,-37.0,1.0,0.06171,0.0,0.0,0.0,0.0,0.0,0.0,0.0,0.0,0.0,0.0,0.0,0.0,0.0,0.0,0.0
243,1.9275,0.75,-36.825,0,0.0,0.0,0.0,0,0,0,0,0,13.2,0.75,-37.2,100,0,0.0,0.0,0.0,0,0,0,0,0,0,0,14,0.29344,-38.0,0.82497,0.13032,0.0,32,-0.07336,-41.0,0.52232,0.08754,0.0,39,0.29344,-55.0,0.70091,0.19576,1.0,0,0.0,0.0,0.0,0.0,0.0,13.0,0.0,-38.0,1.0,0.13032,0.0,0.0,0.0,0.0,0.0,0.0,0.0,0.0,0.0,0.0,0.0,0.0,0.0,0.0,0.0
244,2.00062,0.0,-37.125,0,0.0,0.0,0.0,0,0,0,0,0,13.8,0.0,-37.4,90,0,0.0,0.0,0.0,0,0,0,0,0,0,0,14,0.58688,-32.0,0.77086,0.26818,0.0,32,-0.14672,-44.0,0.33211,0.06248,0.0,40,0.44016,-55.0,0.63837,0.81789,1.0,0,0.0,0.0,0.0,0.0,0.0,13.0,0.0,-39.0,1.0,0.26818,0.0,0.0,0.0,0.0,0.0,0.0,0.0,0.0,0.0,0.0,0.0,0.0,0.0,0.0,0.0
245,2.03625,0.0,-36.35,0,0.0,0.0,0.0,0,0,0,0,0,13.8,0.0,-35.6,80,0,0.0,0.0,0.0,0,0,0,0,0,0,0,14,0.22008,-31.0,0.76735,0.06147,0.0,23,0.07336,-23.0,0.43457,0.05607,1.0,31,0.14672,-38.0,0.30461,0.06136,1.0,40,0.22008,-57.0,0.56395,0.1609,0.6666666666666666,13.0,0.0,-38.0,1.0,0.06147,0.0,0.0,0.0,0.0,0.0,0.0,0.0,0.0,0.0,0.0,0.0,0.0,0.0,0.0,0.0
246,2.03812,0.0,-35.2625,0,0.0,0.0,0.0,0,0,0,0,0,13.6,0.0,-34.2,70,0,0.0,0.0,0.0,0,0,0,0,0,0,0,13,0.22008,-30.0,0.77139,0.02232,0.0,16,-0.22008,-23.0,0.33923,0.98031,0.42857142857142855,33,-0.29344,-41.0,0.45328,0.25397,0.0,39,0.44016,-49.0,0.57657,0.02883,0.6666666666666666,13.0,0.0,-38.0,1.0,0.02232,0.0,0.0,0.0,0.0,0.0,0.0,0.0,0.0,0.0,0.0,0.0,0.0,0.0,0.0,0.0
247,2.04188,-0.25,-34.8625,0,0.0,0.0,0.0,0,0,0,0,0,13.6,-0.25,-34.4,75,0,0.0,0.0,0.0,0,0,0,0,0,0,0,12,0.14672,-27.0,0.94719,0.95099,0.0,17,-0.3668,-27.0,0.42312,0.03504,0.6666666666666666,38,0.44016,-54.0,0.62574,0.09445,1.0,0,0.0,0.0,0.0,0.0,0.0,13.0,0.0,-38.0,1.0,0.95099,0.0,0.0,0.0,0.0,0.0,0.0,0.0,0.0,0.0,0.0,0.0,0.0,0.0,0.0,0.0
248,2.02875,-0.25,-34.6375,0,0.0,0.0,0.0,0,0,0,0,0,13.4,-0.25,-34.4,80,0,0.0,0.0,0.0,0,0,0,0,0,0,0,12,0.07336,-29.0,0.94814,0.08202,0.0,13,-0.51352,-25.0,0.34116,0.56728,0.0,30,-0.44016,-29.0,0.27747,0.0513,1.0,0,0.0,0.0,0.0,0.0,0.0,13.0,0.0,-38.0,1.0,0.08202,0.0,0.0,0.0,0.0,0.0,0.0,0.0,0.0,0.0,0.0,0.0,0.0,0.0,0.0,0.0
249,2.00437,-0.25,-33.1625,0,0.0,0.0,0.0,0,0,0,0,0,13.2,-0.25,-31.8,85,0,0.0,0.0,0.0,0,0,0,0,0,0,0,13,-0.44016,-20.0,0.78311,0.8599,0.0,22,-0.07336,-19.0,0.42365,0.02957,0.0,0,0.0,0.0,0.0,0.0,0.0,0,0.0,0.0,0.0,0.0,0.0,13.0,0.0,-38.0,1.0,0.15099,0.0,0.0,0.0,0.0,0.0,0.0,0.0,0.0,0.0,0.0,0.0,0.0,0.0,0.0,0.0
250,1.99125,0.25,-30.9375,0,0.0,0.0,0.0,0,0,0,0,0,13.2,0.25,-28.8,90,0,0.0,0.0,0.0,0,0,0,0,0,0,0,14,-0.58688,-19.0,0.72978,0.08705,0.0,30,-0.14672,-29.0,0.35511,0.0299,0.0,0,0.0,0.0,0.0,0.0,0.0,0,0.0,0.0,0.0,0.0,0.0,13.0,0.0,-38.0,1.0,0.11179,0.0,0.0,0.0,0.0,0.0,0.0,0.0,0.0,0.0,0.0,0.0,0.0,0.0,0.0,0.0
251,1.98562,0.0,-28.775,0,0.0,0.0,0.0,0,0,0,0,0,13.2,0.0,-26.6,80,0,0.0,0.0,0.0,0,0,0,0,0,0,0,13,-0.88031,-21.0,0.40279,0.06703,0.0,15,-0.66024,-19.0,0.62563,0.02832,0.0,35,-0.29344,-35.0,0.53893,0.06116,0.3333333333333333,0,0.0,0.0,0.0,0.0,0.0,13.0,0.0,-38.0,1.0,0.07403,0.0,0.0,0.0,0.0,0.0,0.0,0.0,0.0,0.0,0.0,0.0,0.0,0.0,0.0,0.0
252,2.01188,0.5,-25.5875,0,0.0,0.0,0.0,0,0,0,0,0,13.6,0.5,-22.4,70,0,0.0,0.0,0.0,0,0,0,0,0,0,0,15,-0.80696,-18.0,0.7099,0.4765,0.0,35,-0.58688,-37.0,0.4252,0.95399,1.0,0,0.0,0.0,0.0,0.0,0.0,0,0.0,0.0,0.0,0.0,0.0,13.0,0.0,-38.0,1.0,0.06004,0.0,0.0,0.0,0.0,0.0,0.0,0.0,0.0,0.0,0.0,0.0,0.0,0.0,0.0,0.0
253,2.025,0.0,-23.9125,0,0.0,0.0,0.0,0,0,0,0,0,13.6,0.0,-22.4,65,0,0.0,0.0,0.0,0,0,0,0,0,0,0,22,-0.22008,-8.0,0.22348,0.51302,0.0,35,-0.58688,-36.0,0.4501,0.0189,0.0,0,0.0,0.0,0.0,0.0,0.0,0,0.0,0.0,0.0,0.0,0.0,13.0,0.0,-38.0,1.0,0.02374,0.0,0.0,0.0,0.0,0.0,0.0,0.0,0.0,0.0,0.0,0.0,0.0,0.0,0.0,0.0
254,2.0325,-0.25,-24.4625,0,0.0,0.0,0.0,0,0,0,0,0,13.6,-0.25,-25.2,60,0,0.0,0.0,0.0,0,0,0,0,0,0,0,20,-0.22008,-16.0,0.36135,0.1491,0.0,20,-0.22008,49.0,0.36135,0.1491,0.0,31,-0.51352,-32.0,0.31503,0.01349,0.5,0,0.0,0.0,0.0,0.0,0.0,13.0,0.0,-36.0,1.0,0.04406,0.0,0.0,0.0,0.0,0.0,0.0,0.0,0.0,0.0,0.0,0.0,0.0,0.0,0.0,0.0
255,2.08125,1.0,-24.4625,0,0.0,0.0,0.0,0,0,0,0,0,14.2,1.0,-24.6,50,0,0.0,0.0,0.0,0,0,0,0,0,0,0,17,-0.88031,-15.0,0.70865,0.21771,0.0,17,-0.88031,68.0,0.5,0.21771,0.0,36,-0.58688,-37.0,0.29407,0.11058,1.0,0,0.0,0.0,0.0,0.0,0.0,13.0,0.0,-33.0,1.0,0.03935,0.0,0.0,0.0,0.0,0.0,0.0,0.0,0.0,0.0,0.0,0.0,0.0,0.0,0.0,0.0
256,2.1825,0.75,-23.8,0,0.0,0.0,0.0,0,0,0,0,0,15.2,0.75,-23.4,55,0,0.0,0.0,0.0,0,0,0,0,0,0,0,18,-1.02703,-15.0,0.6969,0.99176,0.0,36,-0.58688,-37.0,0.65046,0.77856,1.0,0,0.0,0.0,0.0,0.0,0.0,0,0.0,0.0,0.0,0.0,0.0,13.0,0.0,-31.0,1.0,0.04584,0.0,0.0,0.0,0.0,0.0,0.0,0.0,0.0,0.0,0.0,0.0,0.0,0.0,0.0,0.0
257,2.29125,1.5,-23.2,0,0.0,0.0,0.0,0,0,0,0,0,16.0,1.5,-22.6,75,0,0.0,0.0,0.0,0,0,0,0,0,0,0,19,-1.10039,-15.0,0.66808,0.66987,0.0,38,-0.7336,-33.0,0.53056,0.24799,1.0,0,0.0,0.0,0.0,0.0,0.0,0,0.0,0.0,0.0,0.0,0.0,13.0,0.0,-26.0,1.0,0.07958,0.0,0.0,0.0,0.0,0.0,0.0,0.0,0.0,0.0,0.0,0.0,0.0,0.0,0.0,0.0
258,2.45062,1.75,-20.7875,0,0.0,0.0,0.0,0,0,0,0,0,17.4,1.75,-18.2,80,0,0.0,0.0,0.0,0,0,0,0,0,0,0,20,-0.88031,-16.0,0.77616,0.87374,0.0,0,0.0,0.0,0.0,0.0,0.0,0,0.0,0.0,0.0,0.0,0.0,0,0.0,0.0,0.0,0.0,0.0,11.0,0.0,-32.0,0.96105,0.07967,0.0,0.0,0.0,0.0,0.0,0.0,0.0,0.0,0.0,0.0,0.0,0.0,0.0,0.0,0.0
259,2.65312,1.0,-16.675,0,0.0,0.0,0.0,0,0,0,0,0,19.0,1.0,-12.6,85,0,0.0,0.0,0.0,0,0,0,0,0,0,0,21,-0.80696,-11.0,0.71943,0.99011,0.0,33,-0.51352,13.0,0.6794,0.06674,0.3333333333333333,38,-0.66024,-34.0,0.46417,0.04258,0.5,0,0.0,0.0,0.0,0.0,0.0,16.0,0.0,-20.0,0.66828,0.37101,0.0,0.0,0.0,0.0,0.0,0.0,0.0,0.0,0.0,0.0,0.0,0.0,0.0,0.0,0.0
260,2.81625,0.75,-14.4,0,0.0,0.0,0.0,0,0,0,0,0,19.8,0.75,-12.2,105,0,0.0,0.0,0.0,0,0,0,0,0,0,0,21,-0.88031,-12.0,0.72568,0.95848,0.0,33,-0.58688,2.0,0.61454,0.01097,0.5,39,-0.58688,-32.0,0.34297,0.02745,1.0,0,0.0,0.0,0.0,0.0,0.0,17.0,0.0,-17.0,0.68601,0.86414,17.0,0.0,53.0,0.5,0.86414,0.0,0.0,0.0,0.0,0.0,0.0,0.0,0.0,0.0,0.0
261,2.95688,0.75,-13.075,0,0.0,0.0,0.0,0,0,0,0,0,20.6,0.75,-11.8,115,0,0.0,0.0,0.0,0,0,0,0,0,0,0,22,-0.95367,-15.0,0.69009,0.99912,0.0,22,-0.95367,-69.0,0.5,0.99912,0.0,33,-0.66024,-5.0,0.72774,0.01989,0.3333333333333333,40,-0.66024,-30.0,0.36935,0.02355,1.0,0.0,0.0,0.0,0.0,0.0,0.0,0.0,0.0,0.0,0.0,0.0,0.0,0.0,0.0,0.0,0.0,0.0,0.0,0.0,0.0
262,3.105,1.0,-12.0,0,0.0,0.0,0.0,0,0,0,0,0,21.6,1.0,-11.2,125,0,0.0,0.0,0.0,0,0,0,0,0,0,0,24,-1.10039,-12.0,0.77915,0.30156,0.0,24,-1.10039,57.0,0.5,0.30156,0.0,0,0.0,0.0,0.0,0.0,0.0,0,0.0,0.0,0.0,0.0,0.0,36.0,0.0,-8.0,0.81519,0.08503,0.0,0.0,0.0,0.0,0.0,0.0,0.0,0.0,0.0,0.0,0.0,0.0,0.0,0.0,0.0
263,3.27,1.25,-11.225,0,0.0,0.0,0.0,0,0,0,0,0,22.8,1.25,-10.8,135,0,0.0,0.0,0.0,0,0,0,0,0,0,0,26,-0.29344,-14.0,0.83521,0.82287,0.0,0,0.0,0.0,0.0,0.0,0.0,0,0.0,0.0,0.0,0.0,0.0,0,0.0,0.0,0.0,0.0,0.0,36.0,0.0,-7.0,0.8156,0.06918,0.0,0.0,0.0,0.0,0.0,0.0,0.0,0.0,0.0,0.0,0.0,0.0,0.0,0.0,0.0
264,3.43875,1.5,-11.8,0,0.0,0.0,0.0,0,0,0,0,0,24.0,1.5,-12.4,145,0,0.0,0.0,0.0,0,0,0,0,0,0,0,27,-0.3668,-16.0,0.81922,0.98961,0.0,40,-0.66024,-34.0,0.50473,0.0085,0.5,0,0.0,0.0,0.0,0.0,0.0,0,0.0,0.0,0.0,0.0,0.0,0.0,0.0,0.0,0.0,0.0,0.0,0.0,0.0,0.0,0.0,0.0,0.0,0.0,0.0,0.0,0.0,0.0,0.0,0.0,0.0
265,3.61312,1.25,-12.3875,0,0.0,0.0,0.0,0,0,0,0,0,25.2,1.25,-13.0,155,0,0.0,0.0,0.0,0,0,0,0,0,0,0,27,-0.80696,-14.0,0.75168,0.01209,0.0,42,-0.66024,-34.0,0.50268,0.00442,1.0,0,0.0,0.0,0.0,0.0,0.0,0,0.0,0.0,0.0,0.0,0.0,0.0,0.0,0.0,0.0,0.0,0.0,0.0,0.0,0.0,0.0,0.0,0.0,0.0,0.0,0.0,0.0,0.0,0.0,0.0,0.0
266,3.77625,0.75,-12.875,0,0.0,0.0,0.0,0,0,0,0,0,26.2,0.75,-13.4,165,0,0.0,0.0,0.0,0,0,0,0,0,0,0,27,-1.02703,-15.0,0.79022,0.88624,0.0,42,-0.7336,-32.0,0.62958,0.01174,1.0,0,0.0,0.0,0.0,0.0,0.0,0,0.0,0.0,0.0,0.0,0.0,0.0,0.0,0.0,0.0,0.0,0.0,0.0,0.0,0.0,0.0,0.0,0.0,0.0,0.0,0.0,0.0,0.0,0.0,0.0,0.0
267,3.91875,0.5,-12.825,0,0.0,0.0,0.0,0,0,0,0,0,27.0,0.5,-12.8,175,0,0.0,0.0,0.0,0,0,0,0,0,0,0,28,-0.95367,-8.0,0.86125,0.97649,0.0,43,-0.80696,-30.0,0.36816,0.17321,0.6666666666666666,0,0.0,0.0,0.0,0.0,0.0,0,0.0,0.0,0.0,0.0,0.0,0.0,0.0,0.0,0.0,0.0,0.0,0.0,0.0,0.0,0.0,0.0,0.0,0.0,0.0,0.0,0.0,0.0,0.0,0.0,0.0
268,4.02,0.25,-12.0625,0,0.0,0.0,0.0,0,0,0,0,0,27.4,0.25,-11.2,185,0,0.0,0.0,0.0,0,0,0,0,0,0,0,28,-0.88031,-8.0,0.89468,0.86332,0.0,44,-0.66024,-28.0,0.3805,0.01258,1.0,0,0.0,0.0,0.0,0.0,0.0,0,0.0,0.0,0.0,0.0,0.0,0.0,0.0,0.0,0.0,0.0,0.0,0.0,0.0,0.0,0.0,0.0,0.0,0.0,0.0,0.0,0.0,0.0,0.0,0.0,0.0
269,4.11562,0.75,-11.05,0,0.0,0.0,0.0,0,0,0,0,0,28.0,0.75,-10.0,195,0,0.0,0.0,0.0,0,0,0,0,0,0,0,30,-0.58688,-11.0,0.75909,0.45084,0.0,0,0.0,0.0,0.0,0.0,0.0,0,0.0,0.0,0.0,0.0,0.0,0,0.0,0.0,0.0,0.0,0.0,0.0,0.0,0.0,0.0,0.0,0.0,0.0,0.0,0.0,0.0,0.0,0.0,0.0,0.0,0.0,0.0,0.0,0.0,0.0,0.0
270,4.2075,0.75,-10.2375,0,0.0,0.0,0.0,0,0,0,0,0,28.6,0.75,-9.4,190,0,0.0,0.0,0.0,0,0,0,0,0,0,0,30,-0.80696,-11.0,0.69988,0.09765,0.0,0,0.0,0.0,0.0,0.0,0.0,0,0.0,0.0,0.0,0.0,0.0,0,0.0,0.0,0.0,0.0,0.0,0.0,0.0,0.0,0.0,0.0,0.0,0.0,0.0,0.0,0.0,0.0,0.0,0.0,0.0,0.0,0.0,0.0,0.0,0.0,0.0
271,4.2975,0.5,-9.4,0,0.0,0.0,0.0,0,0,0,0,0,29.2,0.5,-8.6,185,0,0.0,0.0,0.0,0,0,0,0,0,0,0,30,-0.95367,-12.0,0.79411,0.0279,0.0,44,-0.58688,-29.0,0.40779,0.00713,0.0,0,0.0,0.0,0.0,0.0,0.0,0,0.0,0.0,0.0,0.0,0.0,0.0,0.0,0.0,0.0,0.0,0.0,0.0,0.0,0.0,0.0,0.0,0.0,0.0,0.0,0.0,0.0,0.0,0.0,0.0,0.0
272,4.43062,1.5,-10.25,0,0.0,0.0,0.0,0,0,0,0,0,30.4,1.5,-11.2,180,0,0.0,0.0,0.0,0,0,0,0,0,0,0,34,-0.80696,-22.0,0.77318,0.98983,0.0,44,-0.7336,-19.0,0.27613,0.00996,1.0,0,0.0,0.0,0.0,0.0,0.0,0,0.0,0.0,0.0,0.0,0.0,0.0,0.0,0.0,0.0,0.0,0.0,0.0,0.0,0.0,0.0,0.0,0.0,0.0,0.0,0.0,0.0,0.0,0.0,0.0,0.0
273,4.55812,0.5,-10.7875,0,0.0,0.0,0.0,0,0,0,0,0,31.2,0.5,-11.4,175,0,0.0,0.0,0.0,0,0,0,0,0,0,0,32,-0.66024,-8.0,0.8078,0.00448,0.0,0,0.0,0.0,0.0,0.0,0.0,0,0.0,0.0,0.0,0.0,0.0,0,0.0,0.0,0.0,0.0,0.0,0.0,0.0,0.0,0.0,0.0,0.0,0.0,0.0,0.0,0.0,0.0,0.0,0.0,0.0,0.0,0.0,0.0,0.0,0.0,0.0
274,4.68188,1.0,-10.875,0,0.0,0.0,0.0,0,0,0,0,0,32.0,1.0,-11.0,170,0,0.0,0.0,0.0,0,0,0,0,0,0,0,34,-0.58688,-9.0,0.8006,0.94959,0.0,0,0.0,0.0,0.0,0.0,0.0,0,0.0,0.0,0.0,0.0,0.0,0,0.0,0.0,0.0,0.0,0.0,0.0,0.0,0.0,0.0,0.0,0.0,0.0,0.0,0.0,0.0,0.0,0.0,0.0,0.0,0.0,0.0,0.0,0.0,0.0,0.0
275,4.80375,1.0,-10.9125,0,0.0,0.0,0.0,0,0,0,0,0,32.8,1.0,-11.0,180,0,0.0,0.0,0.0,0,0,0,0,0,0,0,34,-0.29344,-11.0,0.81856,0.99443,0.0,42,-0.22008,-24.0,0.74712,0.11155,1.0,0,0.0,0.0,0.0,0.0,0.0,0,0.0,0.0,0.0,0.0,0.0,0.0,0.0,0.0,0.0,0.0,0.0,0.0,0.0,0.0,0.0,0.0,0.0,0.0,0.0,0.0,0.0,0.0,0.0,0.0,0.0
276,4.9575,0.5,-10.8375,0,0.0,0.0,0.0,0,0,0,0,0,34.0,0.5,-10.6,200,0,0.0,0.0,0.0,0,0,0,0,0,0,0,36,-0.51352,-14.0,0.80834,0.95212,0.0,43,-0.44016,-24.0,0.64734,0.2337,1.0,0,0.0,0.0,0.0,0.0,0.0,0,0.0,0.0,0.0,0.0,0.0,34.0,0.0506,-13.0,0.65626,0.95212,0.0,0.0,0.0,0.0,0.0,0.0,0.0,0.0,0.0,0.0,0.0,0.0,0.0,0.0,0.0
277,5.0475,0.75,-9.425,0,0.0,0.0,0.0,0,0,0,0,0,34.2,0.75,-8.0,220,0,0.0,0.0,0.0,0,0,0,0,0,0,0,35,-0.58688,-7.0,0.7623,0.98811,0.0,43,-0.58688,-28.0,0.51967,0.02018,0.5,0,0.0,0.0,0.0,0.0,0.0,0,0.0,0.0,0.0,0.0,0.0,34.0,0.0598,-12.0,0.66713,0.98811,0.0,0.0,0.0,0.0,0.0,0.0,0.0,0.0,0.0,0.0,0.0,0.0,0.0,0.0,0.0
278,5.1225,0.0,-8.8,0,0.0,0.0,0.0,0,0,0,0,0,34.6,0.0,-8.2,225,0,0.0,0.0,0.0,0,0,0,0,0,0,0,34,-0.51352,-9.0,0.76667,0.11745,0.0,43,-0.44016,-28.0,0.61149,0.71944,0.6666666666666666,0,0.0,0.0,0.0,0.0,0.0,0,0.0,0.0,0.0,0.0,0.0,34.0,0.0552,-12.0,0.66309,0.11745,0.0,0.0,0.0,0.0,0.0,0.0,0.0,0.0,0.0,0.0,0.0,0.0,0.0,0.0,0.0
279,5.19,0.5,-8.5,0,0.0,0.0,0.0,0,0,0,0,0,35.0,0.5,-8.2,215,0,0.0,0.0,0.0,0,0,0,0,0,0,0,36,-0.44016,-6.0,0.66327,0.11322,0.0,44,-0.3668,-29.0,0.73489,0.11653,0.5,0,0.0,0.0,0.0,0.0,0.0,0,0.0,0.0,0.0,0.0,0.0,34.0,0.0,-12.0,0.65445,0.07621,0.0,0.0,0.0,0.0,0.0,0.0,0.0,0.0,0.0,0.0,0.0,0.0,0.0,0.0,0.0
280,5.24062,-0.25,-7.7375,0,0.0,0.0,0.0,0,0,0,0,0,35.2,-0.25,-7.0,220,0,0.0,0.0,0.0,0,0,0,0,0,0,0,35,-0.22008,-7.0,0.75504,0.96142,0.0,44,-0.44016,-27.0,0.64701,0.05442,1.0,0,0.0,0.0,0.0,0.0,0.0,0,0.0,0.0,0.0,0.0,0.0,33.0,0.0,-11.0,0.66146,0.96142,0.0,0.0,0.0,0.0,0.0,0.0,0.0,0.0,0.0,0.0,0.0,0.0,0.0,0.0,0.0
281,5.26125,0.25,-7.3875,0,0.0,0.0,0.0,0,0,0,0,0,35.2,0.25,-7.2,225,0,0.0,0.0,0.0,0,0,0,0,0,0,0,36,-0.14672,-8.0,0.88999,0.11674,0.0,0,0.0,0.0,0.0,0.0,0.0,0,0.0,0.0,0.0,0.0,0.0,0,0.0,0.0,0.0,0.0,0.0,35.0,0.0,-13.0,0.67242,0.11674,0.0,0.0,0.0,0.0,0.0,0.0,0.0,0.0,0.0,0.0,0.0,0.0,0.0,0.0,0.0
282,5.2875,0.5,-7.3,0,0.0,0.0,0.0,0,0,0,0,0,35.4,0.5,-7.2,240,0,0.0,0.0,0.0,0,0,0,0,0,0,0,36,-0.3668,-7.0,0.81349,0.76264,0.0,0,0.0,0.0,0.0,0.0,0.0,0,0.0,0.0,0.0,0.0,0.0,0,0.0,0.0,0.0,0.0,0.0,35.0,0.0,-12.0,1.0,0.76264,0.0,0.0,0.0,0.0,0.0,0.0,0.0,0.0,0.0,0.0,0.0,0.0,0.0,0.0,0.0
283,5.33062,0.0,-7.15,0,0.0,0.0,0.0,0,0,0,0,0,35.8,0.0,-7.0,240,0,0.0,0.0,0.0,0,0,0,0,0,0,0,36,-0.22008,-7.0,0.8444,0.98812,0.0,44,-0.14672,-27.0,0.37618,0.04754,0.0,0,0.0,0.0,0.0,0.0,0.0,0,0.0,0.0,0.0,0.0,0.0,35.0,0.0,-10.0,1.0,0.98812,0.0,0.0,0.0,0.0,0.0,0.0,0.0,0.0,0.0,0.0,0.0,0.0,0.0,0.0,0.0
284,5.35125,0.25,-7.1375,0,0.0,0.0,0.0,0,0,0,0,0,35.8,0.25,-7.2,240,0,0.0,0.0,0.0,0,0,0,0,0,0,0,36,-0.22008,-9.0,0.76842,0.9629,0.0,0,0.0,0.0,0.0,0.0,0.0,0,0.0,0.0,0.0,0.0,0.0,0,0.0,0.0,0.0,0.0,0.0,35.0,0.0,-10.0,1.0,0.9629,0.0,0.0,0.0,0.0,0.0,0.0,0.0,0.0,0.0,0.0,0.0,0.0,0.0,0.0,0.0
285,5.39062,0.25,-7.775,0,0.0,0.0,0.0,0,0,0,0,0,36.2,0.25,-8.4,240,0,0.0,0.0,0.0,0,0,0,0,0,0,0,37,-0.14672,-11.0,0.74462,0.99496,0.0,0,0.0,0.0,0.0,0.0,0.0,0,0.0,0.0,0.0,0.0,0.0,0,0.0,0.0,0.0,0.0,0.0,35.0,0.0,-10.0,1.0,0.99496,0.0,0.0,0.0,0.0,0.0,0.0,0.0,0.0,0.0,0.0,0.0,0.0,0.0,0.0,0.0
286,5.41125,0.0,-8.2875,0,0.0,0.0,0.0,0,0,0,0,0,36.2,0.0,-8.8,240,0,0.0,0.0,0.0,0,0,0,0,0,0,0,36,-0.07336,-10.0,0.71272,0.96511,0.0,0,0.0,0.0,0.0,0.0,0.0,0,0.0,0.0,0.0,0.0,0.0,0,0.0,0.0,0.0,0.0,0.0,35.0,0.0,-9.0,1.0,0.96511,0.0,0.0,0.0,0.0,0.0,0.0,0.0,0.0,0.0,0.0,0.0,0.0,0.0,0.0,0.0
287,5.4075,-0.25,-8.6375,0,0.0,0.0,0.0,0,0,0,0,0,36.0,-0.25,-9.0,240,0,0.0,0.0,0.0,0,0,0,0,0,0,0,38,0.22008,-6.0,0.9433,0.9972,0.0,45,0.14672,-19.0,0.41244,0.31052,1.0,0,0.0,0.0,0.0,0.0,0.0,0,0.0,0.0,0.0,0.0,0.0,35.0,0.0,-8.0,1.0,0.9972,0.0,0.0,0.0,0.0,0.0,0.0,0.0,0.0,0.0,0.0,0.0,0.0,0.0,0.0,0.0
288,5.40375,0.0,-9.025,0,0.0,0.0,0.0,0,0,0,0,0,36.0,0.0,-9.4,240,0,0.0,0.0,0.0,0,0,0,0,0,0,0,36,0.3668,-8.0,0.87796,0.98271,0.0,44,0.44016,-28.0,0.52076,0.14182,1.0,0,0.0,0.0,0.0,0.0,0.0,0,0.0,0.0,0.0,0.0,0.0,36.0,0.0,-10.0,1.0,0.98271,0.0,0.0,0.0,0.0,0.0,0.0,0.0,0.0,0.0,0.0,0.0,0.0,0.0,0.0,0.0
289,5.40375,-0.25,-9.25,0,0.0,0.0,0.0,0,0,0,0,0,36.0,-0.25,-9.4,240,0,0.0,0.0,0.0,0,0,0,0,0,0,0,36,0.44016,-8.0,0.79047,0.99901,0.0,44,0.3668,-29.0,0.39577,0.95712,1.0,44,0.3668,18.0,0.39577,0.95712,1.0,0,0.0,0.0,0.0,0.0,0.0,36.0,0.0,-10.0,1.0,0.99901,0.0,0.0,0.0,0.0,0.0,0.0,0.0,0.0,0.0,0.0,0.0,0.0,0.0,0.0,0.0
290,5.38688,0.0,-8.8375,0,0.0,0.0,0.0,0,0,0,0,0,35.8,0.0,-8.4,240,0,0.0,0.0,0.0,0,0,0,0,0,0,0,36,0.58688,-6.0,0.84555,0.98398,0.0,44,0.22008,-26.0,0.43439,0.44106,0.0,0,0.0,0.0,0.0,0.0,0.0,0,0.0,0.0,0.0,0.0,0.0,36.0,0.0,-9.0,1.0,0.98398,0.0,0.0,0.0,0.0,0.0,0.0,0.0,0.0,0.0,0.0,0.0,0.0,0.0,0.0,0.0
291,5.3775,0.25,-8.425,0,0.0,0.0,0.0,0,0,0,0,0,35.8,0.25,-8.0,240,0,0.0,0.0,0.0,0,0,0,0,0,0,0,36,0.66024,-6.0,0.84915,0.97649,0.0,0,0.0,0.0,0.0,0.0,0.0,0,0.0,0.0,0.0,0.0,0.0,0,0.0,0.0,0.0,0.0,0.0,36.0,0.0,-9.0,1.0,0.97649,0.0,0.0,0.0,0.0,0.0,0.0,0.0,0.0,0.0,0.0,0.0,0.0,0.0,0.0,0.0
292,5.35875,-0.5,-7.825,0,0.0,0.0,0.0,0,0,0,0,0,35.6,-0.5,-7.2,225,0,0.0,0.0,0.0,0,0,0,0,0,0,0,34,0.7336,-2.0,0.82404,0.00586,0.0,43,0.7336,-24.0,0.32755,0.0105,0.0,0,0.0,0.0,0.0,0.0,0.0,0,0.0,0.0,0.0,0.0,0.0,36.0,0.0,-8.0,1.0,0.07452,0.0,0.0,0.0,0.0,0.0,0.0,0.0,0.0,0.0,0.0,0.0,0.0,0.0,0.0,0.0
293,5.33438,-0.25,-6.6125,0,0.0,0.0,0.0,0,0,0,0,0,35.4,-0.25,-5.4,215,0,0.0,0.0,0.0,0,0,0,0,0,0,0,35,0.95367,-1.0,0.72391,0.03775,0.0,44,0.7336,-20.0,0.45933,0.00717,0.5,0,0.0,0.0,0.0,0.0,0.0,0,0.0,0.0,0.0,0.0,0.0,36.0,0.0,-9.0,1.0,0.06833,0.0,0.0,0.0,0.0,0.0,0.0,0.0,0.0,0.0,0.0,0.0,0.0,0.0,0.0,0.0
294,5.27625,-0.75,-5.775,0,0.0,0.0,0.0,0,0,0,0,0,34.8,-0.75,-5.0,205,0,0.0,0.0,0.0,0,0,0,0,0,0,0,33,-1.02703,-4.0,0.77761,0.59807,0.0,36,1.02703,-7.0,0.58075,0.05748,1.0,0,0.0,0.0,0.0,0.0,0.0,0,0.0,0.0,0.0,0.0,0.0,36.0,0.0,-9.0,1.0,0.05748,0.0,0.0,0.0,0.0,0.0,0.0,0.0,0.0,0.0,0.0,0.0,0.0,0.0,0.0,0.0
295,5.18812,-1.0,-5.275,0,0.0,0.0,0.0,0,0,0,0,0,34.0,-1.0,-4.8,195,0,0.0,0.0,0.0,0,0,0,0,0,0,0,32,-0.51352,-5.0,0.80953,0.27069,0.0,36,0.80696,-14.0,0.38854,0.01551,1.0,0,0.0,0.0,0.0,0.0,0.0,0,0.0,0.0,0.0,0.0,0.0,36.0,0.0,-9.0,1.0,0.01551,0.0,0.0,0.0,0.0,0.0,0.0,0.0,0.0,0.0,0.0,0.0,0.0,0.0,0.0,0.0
296,5.06812,-0.75,-5.0125,0,0.0,0.0,0.0,0,0,0,0,0,33.0,-0.75,-4.8,185,0,0.0,0.0,0.0,0,0,0,0,0,0,0,31,0.80696,-6.0,0.73206,0.98626,0.0,0,0.0,0.0,0.0,0.0,0.0,0,0.0,0.0,0.0,0.0,0.0,0,0.0,0.0,0.0,0.0,0.0,36.0,0.0,-10.0,1.0,0.73318,0.0,0.0,0.0,0.0,0.0,0.0,0.0,0.0,0.0,0.0,0.0,0.0,0.0,0.0,0.0
297,4.91812,-1.75,-5.15,0,0.0,0.0,0.0,0,0,0,0,0,31.8,-1.75,-5.4,205,0,0.0,0.0,0.0,0,0,0,0,0,0,0,28,1.10039,-4.0,0.58046,0.30767,0.0,44,0.88031,-20.0,0.31488,0.29536,0.0,0,0.0,0.0,0.0,0.0,0.0,0,0.0,0.0,0.0,0.0,0.0,36.0,-0.0552,-10.0,0.66015,0.70742,0.0,0.0,0.0,0.0,0.0,0.0,0.0,0.0,0.0,0.0,0.0,0.0,0.0,0.0,0.0
298,4.73625,-1.25,-5.6625,0,0.0,0.0,0.0,0,0,0,0,0,30.4,-1.25,-6.2,215,0,0.0,0.0,0.0,0,0,0,0,0,0,0,28,-1.02703,-4.0,0.86266,0.99502,0.0,32,0.95367,-7.0,0.54395,0.20312,1.0,0,0.0,0.0,0.0,0.0,0.0,0,0.0,0.0,0.0,0.0,0.0,0.0,0.0,0.0,0.0,0.0,0.0,0.0,0.0,0.0,0.0,0.0,0.0,0.0,0.0,0.0,0.0,0.0,0.0,0.0,0.0
299,4.55438,-1.25,-6.025,0,0.0,0.0,0.0,0,0,0,0,0,29.2,-1.25,-6.4,225,0,0.0,0.0,0.0,0,0,0,0,0,0,0,27,-1.02703,-6.0,0.87645,0.99838,0.0,44,0.95367,-26.0,0.62156,0.41809,0.0,0,0.0,0.0,0.0,0.0,0.0,0,0.0,0.0,0.0,0.0,0.0,0.0,0.0,0.0,0.0,0.0,0.0,0.0,0.0,0.0,0.0,0.0,0.0,0.0,0.0,0.0,0.0,0.0,0.0,0.0,0.0
