frame_idx	adl_rng_0	adl_vel_0	adl_agl_0	adl_type_0	adl_rng_1	adl_vel_1	adl_agl_1	adl_type_1	adl_rng_2	adl_vel_2	adl_agl_2	adl_type_2
0	0	0	0	0	0	0	0	0	0	0	0	0
1	0	0	0	0	0	0	0	0	0	0	0	0
2	0	0	0	0	0	0	0	0	0	0	0	0
3	0	0	0	0	0	0	0	0	0	0	0	0
4	0	0	0	0	0	0	0	0	0	0	0	0
5	0	0	0	0	0	0	0	0	0	0	0	0
6	0	0	0	0	0	0	0	0	0	0	0	0
7	0	0	0	0	0	0	0	0	0	0	0	0
8	0	0	0	0	0	0	0	0	0	0	0	0
9	0	0	0	0	0	0	0	0	0	0	0	0
10	0	0	0	0	0	0	0	0	0	0	0	0
11	0	0	0	0	0	0	0	0	0	0	0	0
12	0	0	0	0	0	0	0	0	0	0	0	0
13	0	0	0	0	0	0	0	0	0	0	0	0
14	0	0	0	0	0	0	0	0	0	0	0	0
15	0	0	0	0	0	0	0	0	0	0	0	0
16	0	0	0	0	0	0	0	0	0	0	0	0
17	0	0	0	0	0	0	0	0	0	0	0	0
18	0	0	0	0	0	0	0	0	0	0	0	0
19	0	0	0	0	0	0	0	0	0	0	0	0
20	0	0	0	0	0	0	0	0	0	0	0	0
21	0	0	0	0	0	0	0	0	0	0	0	0
22	0	0	0	0	0	0	0	0	0	0	0	0
23	0	0	0	0	0	0	0	0	0	0	0	0
24	0	0	0	0	0	0	0	0	0	0	0	0
25	0	0	0	0	0	0	0	0	0	0	0	0
26	0	0	0	0	0	0	0	0	0	0	0	0
27	0	0	0	0	0	0	0	0	0	0	0	0
28	0	0	0	0	0	0	0	0	0	0	0	0
29	0.64748	-0.21646	8.12	0	0	0	0	0	0	0	0	0
30	0.62186	0	-12.14	0	0	0	0	0	0	0	0	0
31	0.61093	0	-34.85125	0	0	0	0	0	0	0	0	0
32	0.60484	0	-43.06938	0	0	0	0	0	0	0	0	0
33	0.60162	0	-34.02219	0	0	0	0	0	0	0	0	0
34	0.6	0	-27.4625	0	0	0	0	0	0	0	0	0
35	0.6	0	-21.9625	0	0	0	0	0	0	0	0	0
36	0.615	0.25	-14.9875	0	0	0	0	0	0	0	0	0
37	0.6375	0.25	-8.375	0	0	0	0	0	0	0	0	0
38	0.67875	0.5	-13.3625	0	0	0	0	0	0	0	0	0
39	0.72938	0.5	-12.5375	0	0	0	0	0	0	0	0	0
40	0.78562	0.25	-9.2625	0	0	0	0	0	0	0	0	0
41	0.82875	0.25	-4.675	0	0	0	0	0	0	0	0	0
42	0.88125	0.25	0.7875	0	0	0	0	0	0	0	0	0
43	0.9225	0.25	7.7	0	0	0	0	0	0	0	0	0
44	0.95812	0.25	13.825	0	0	0	0	0	0	0	0	0
45	1.005	0.5	19.8	0	0	0	0	0	0	0	0	0
46	1.07437	0.5	25.0375	0	0	0	0	0	0	0	0	0
47	1.18312	1.25	29.4375	0	0	0	0	0	0	0	0	0
48	1.2825	0.75	31.9875	0	0	0	0	0	0	0	0	0
49	1.39312	0.75	34.275	0	0	0	0	0	0	0	0	0
50	1.50938	0.75	35.975	0	0	0	0	0	0	0	0	0
51	1.62938	0.25	37	0	0	0	0	0	0	0	0	0
52	1.7175	1	37.825	0	0	0	0	0	0	0	0	0
53	1.8375	1	39.275	0	0	0	0	0	0	0	0	0
54	1.9275	0.25	40.375	0	0	0	0	0	0	0	0	0
55	1.9875	0	41	0	0	0	0	0	0	0	0	0
56	2.12062	1.5	41.325	0	0	0	0	0	0	0	0	0
57	2.28	1.25	40.725	0	0	0	0	0	0	0	0	0
58	2.44688	2	39.9875	0	0	0	0	0	0	0	0	0
59	2.64938	2	39	0	0	0	0	0	0	0	0	0
60	2.87625	0.25	38.7	0	0	0	0	0	0	0	0	0
61	3.04875	1	38.4	0	0	0	0	0	0	0	0	0
62	3.195	0.75	38.675	0	0	0	0	0	0	0	0	0
63	3.285	0.25	38.9	0	0	0	0	0	0	0	0	0
64	3.345	0.25	39.4625	0	0	0	0	0	0	0	0	0
65	3.41625	0	40.125	0	0	0	0	0	0	0	0	0
66	3.43687	-0.25	40.1875	0	0	0	0	0	0	0	0	0
67	3.47438	1	39.5	0	0	0	0	0	0	0	0	0
68	3.55312	1	38.575	0	0	0	0	0	0	0	0	0
69	3.65438	0.5	37.7125	0	0	0	0	0	0	0	0	0
70	3.74625	1	36.0375	0	0	0	0	0	0	0	0	0
71	3.87	0.5	34.675	0	0	0	0	0	0	0	0	0
72	3.96375	0.5	33.7	0	0	0	0	0	0	0	0	0
73	4.04062	0.5	32.725	0	0	0	0	0	0	0	0	0
74	4.09312	0	31.5875	0	0	0	0	0	0	0	0	0
75	4.12125	-0.25	30.9625	0	0	0	0	0	0	0	0	0
76	4.1625	0.5	30.1625	0	0	0	0	0	0	0	0	0
77	4.18313	0	29.05	0	0	0	0	0	0	0	0	0
78	4.1925	0.25	27.9875	0	0	0	0	0	0	0	0	0
79	4.25625	1	27.1875	0	0	0	0	0	0	0	0	0
80	4.335	0	26.1625	0	0	0	0	0	0	0	0	0
81	4.3725	0.5	25.9375	0	0	0	0	0	0	0	0	0
82	4.43625	0.75	25.4375	0	0	0	0	0	0	0	0	0
83	4.50188	-0.25	24.7	0	0	0	0	0	0	0	0	0
84	4.54875	0.5	23.7125	0	0	0	0	0	0	0	0	0
85	4.58437	0.25	22.775	0	0	0	0	0	0	0	0	0
86	4.62	0	21.1625	0	0	0	0	0	0	0	0	0
87	4.62187	0	20.05	0	0	0	0	0	0	0	0	0
88	4.62187	-0.5	19.1875	0	0	0	0	0	0	0	0	0
89	4.56187	-0.75	18.3625	0	0	0	0	0	0	0	0	0
90	4.51688	-0.25	17.1125	0	0	0	0	0	0	0	0	0
91	4.4925	0.25	15.8375	0	0	0	0	0	0	0	0	0
92	4.49625	0.25	14.4	0	0	0	0	0	0	0	0	0
93	4.49438	0.5	12.975	0	0	0	0	0	0	0	0	0
94	4.52625	0	11.4375	0	0	0	0	0	0	0	0	0
95	4.55812	0	9.975	0	0	0	0	0	0	0	0	0
96	4.515	-1	8.6375	0	0	0	0	0	0	0	0	0
97	4.4325	-0.75	7.375	0	0	0	0	0	0	0	0	0
98	4.37812	-0.25	5.9375	0	0	0	0	0	0	0	0	0
99	4.29	-1.25	4.425	0	0	0	0	0	0	0	0	0
100	4.16625	-0.25	3.075	0	0	0	0	0	0	0	0	0
101	4.08937	-0.25	1.8	0	0	0	0	0	0	0	0	0
102	4.03875	-0.75	0.65	0	0	0	0	0	0	0	0	0
103	3.96562	0	-0.125	0	0	0	0	0	0	0	0	0
104	3.99023	0	0.00316	1	0	0	0	0	0	0	0	0
105	4.01052	0.75	0.09098	1	0	0	0	0	0	0	0	0
106	4.03123	0.75	0.21295	1	0	0	0	0	0	0	0	0
107	4.06275	0.5	-2.3725	0	0	0	0	0	0	0	0	0
108	4.13363	0.5	-4.08	0	0	0	0	0	0	0	0	0
109	4.19738	-0.25	-6.0475	0	0	0	0	0	0	0	0	0
110	4.24425	0.25	-7.7325	0	0	0	0	0	0	0	0	0
111	4.22625	-0.5	-9.35	0	0	0	0	0	0	0	0	0
112	4.185	-0.5	-10.6375	0	0	0	0	0	0	0	0	0
113	4.19438	0.5	-11.7875	0	0	0	0	0	0	0	0	0
114	4.22813	0	-13.0375	0	0	0	0	0	0	0	0	0
115	4.18125	0	-14.6625	0	0	0	0	0	0	0	0	0
116	4.17375	0.25	-16.4625	0	0	0	0	0	0	0	0	0
117	4.24875	0.25	-18.8625	0	0	0	0	0	0	0	0	0
118	4.31625	0.5	-21.275	0	0	0	0	0	0	0	0	0
119	4.34437	1	-22.7	0	0	0	0	0	0	0	0	0
120	4.43812	1	-24.2125	0	0	0	0	0	0	0	0	0
121	4.53375	-0.25	-25.3	0	0	0	0	0	0	0	0	0
122	4.57875	-0.25	-25.325	0	0	0	0	0	0	0	0	0
123	4.58437	0.25	-24.875	0	0	0	0	0	0	0	0	0
124	4.62187	0.25	-24.8875	0	0	0	0	0	0	0	0	0
125	4.63875	0.25	-24.3625	0	0	0	0	0	0	0	0	0
126	4.67437	0.25	-23.95	0	0	0	0	0	0	0	0	0
127	4.69125	0	-23.65	0	0	0	0	0	0	0	0	0
128	4.7025	-0.25	-23.2375	0	0	0	0	0	0	0	0	0
129	4.69125	0	-22.7875	0	0	0	0	0	0	0	0	0
130	4.7025	0	-22.3875	0	0	0	0	0	0	0	0	0
131	4.70625	0.25	-21.9875	0	0	0	0	0	0	0	0	0
132	4.72313	0.25	-21.975	0	0	0	0	0	0	0	0	0
133	4.74563	0.25	-22.275	0	0	0	0	0	0	0	0	0
134	4.77375	0	-22.525	0	0	0	0	0	0	0	0	0
135	4.78688	0	-22.85	0	0	0	0	0	0	0	0	0
136	4.80938	0.25	-23.2375	0	0	0	0	0	0	0	0	0
137	4.83562	0.25	-23.6375	0	0	0	0	0	0	0	0	0
138	4.84875	0	-23.625	0	0	0	0	0	0	0	0	0
139	4.86938	0.25	-23.625	0	0	0	0	0	0	0	0	0
140	4.89562	0	-23.925	0	0	0	0	0	0	0	0	0
141	4.90875	0	-24.075	0	0	0	0	0	0	0	0	0
142	4.91438	0.25	-24.425	0	0	0	0	0	0	0	0	0
143	4.88812	-0.75	-25.1125	0	0	0	0	0	0	0	0	0
144	4.845	-0.5	-24.875	0	0	0	0	0	0	0	0	0
145	4.7925	-0.5	-24.1375	0	0	0	0	0	0	0	0	0
146	4.75125	-0.25	-23.2875	0	0	0	0	0	0	0	0	0
147	4.71375	0.5	-21.775	0	0	0	0	0	0	0	0	0
148	4.725	0.25	-20.15	0	0	0	0	0	0	0	0	0
149	4.74562	0.25	-19.6375	0	0	0	0	0	0	0	0	0
150	4.75688	-0.25	-18.6875	0	0	0	0	0	0	0	0	0
151	4.7325	-0.5	-17.875	0	0	0	0	0	0	0	0	0
152	4.69312	-0.5	-16.6875	0	0	0	0	0	0	0	0	0
153	4.6425	-0.5	-15.4625	0	0	0	0	0	0	0	0	0
154	4.58625	-0.25	-13.8875	0	0	0	0	0	0	0	0	0
155	4.54125	0	-12.825	0	0	0	0	0	0	0	0	0
156	4.51875	0	-11.9625	0	0	0	0	0	0	0	0	0
157	4.5075	0	-11.4375	0	0	0	0	0	0	0	0	0
158	4.50188	0	-10.7625	0	0	0	0	0	0	0	0	0
159	4.5	0	-9.9625	0	0	0	0	0	0	0	0	0
160	4.485	-0.25	-9.3625	0	0	0	0	0	0	0	0	0
161	4.4775	0	-8.175	0	0	0	0	0	0	0	0	0
162	4.44375	-0.5	-6.9625	0	0	0	0	0	0	0	0	0
163	4.42687	0	-5.55	0	0	0	0	0	0	0	0	0
164	4.4175	0.25	-4.1625	0	0	0	0	0	0	0	0	0
165	4.44375	0.25	-2.325	0	0	0	0	0	0	0	0	0
166	4.47	0.75	-0.725	0	0	0	0	0	0	0	0	0
167	4.53	0.25	0.6875	0	0	0	0	0	0	0	0	0
168	4.545	-0.25	0.5875	0	0	0	0	0	0	0	0	0
169	4.56938	0	1.0625	0	0	0	0	0	0	0	0	0
170	4.55485	-0.5	0.74696	1	0	0	0	0	0	0	0	0
171	4.56412	0.25	0.655	0	0	0	0	0	0	0	0	0
172	4.57612	0.75	0.9775	0	0	0	0	0	0	0	0	0
173	4.629	0.25	3.02	0	0	0	0	0	0	0	0	0
174	4.65337	0.5	4.3825	0	0	0	0	0	0	0	0	0
175	4.66687	-0.75	6.7875	0	0	0	0	0	0	0	0	0
176	4.62937	-0.75	8.125	0	0	0	0	0	0	0	0	0
177	4.6125	0	9.475	0	0	0	0	0	0	0	0	0
178	4.54125	-0.75	9.9625	0	0	0	0	0	0	0	0	0
179	4.52062	0.75	10.6875	0	0	0	0	0	0	0	0	0
180	4.5675	1	11.65	0	0	0	0	0	0	0	0	0
181	4.63875	0	12.8625	0	0	0	0	0	0	0	0	0
182	4.67062	1	14.025	0	0	0	0	0	0	0	0	0
183	4.75125	0	15.8375	0	0	0	0	0	0	0	0	0
184	4.82438	0.25	17.6625	0	0	0	0	0	0	0	0	0
185	4.875	0.5	19.475	0	0	0	0	0	0	0	0	0
186	4.9125	0.25	20.975	0	0	0	0	0	0	0	0	0
187	4.95	0.25	22.7625	0	0	0	0	0	0	0	0	0
188	4.98188	-0.25	24.5375	0	0	0	0	0	0	0	0	0
189	4.98188	-0.25	26.125	0	0	0	0	0	0	0	0	0
190	4.96688	0	27.3	0	0	0	0	0	0	0	0	0
191	4.95937	0	28.3125	0	0	0	0	0	0	0	0	0
192	4.94062	-0.25	29.0125	0	0	0	0	0	0	0	0	0
193	4.89937	-0.5	29.35	0	0	0	0	0	0	0	0	0
194	4.84875	-0.5	29.9	0	0	0	0	0	0	0	0	0
195	4.77938	-0.75	30.575	0	0	0	0	0	0	0	0	0
196	4.68375	-0.75	31.4	0	0	0	0	0	0	0	0	0
197	4.575	-0.75	32	0	0	0	0	0	0	0	0	0
198	4.46062	-1	32.925	0	0	0	0	0	0	0	0	0
199	4.3275	-1	33.9875	0	0	0	0	0	0	0	0	0
200	4.2	-0.75	34.825	0	0	0	0	0	0	0	0	0
201	4.09125	-0.5	35.725	0	0	0	0	0	0	0	0	0
202	3.96188	-1	36.8	0	0	0	0	0	0	0	0	0
203	3.83625	-0.75	38.5375	0	0	0	0	0	0	0	0	0
204	3.71437	-1	39.6875	0	0	0	0	0	0	0	0	0
205	3.57938	-1.25	40.775	0	0	0	0	0	0	0	0	0
206	3.435	-0.5	41.725	0	0	0	0	0	0	0	0	0
207	3.31875	-0.75	42.3375	0	0	0	0	0	0	0	0	0
208	3.21562	-0.5	42.0875	0	0	0	0	0	0	0	0	0
209	3.08812	-1	41.675	0	0	0	0	0	0	0	0	0
210	2.96438	-1	42.6625	0	0	0	0	0	0	0	0	0
211	2.82938	-1	43.4375	0	0	0	0	0	0	0	0	0
212	2.70187	-1	43.8875	0	0	0	0	0	0	0	0	0
213	2.54625	-0.75	42.325	0	0	0	0	0	0	0	0	0
214	2.40937	-1	41.6375	0	0	0	0	0	0	0	0	0
215	2.265	-1	39.0375	0	0	0	0	0	0	0	0	0
216	2.13375	-1	36.025	0	0	0	0	0	0	0	0	0
217	2.00625	-0.5	33	0	0	0	0	0	0	0	0	0
218	1.89937	-0.5	31.5	0	0	0	0	0	0	0	0	0
219	1.815	-0.25	28.4125	0	0	0	0	0	0	0	0	0
220	1.75875	-0.25	25.1	0	0	0	0	0	0	0	0	0
221	1.70062	-0.5	23.7625	0	0	0	0	0	0	0	0	0
222	1.6425	-0.25	20.375	0	0	0	0	0	0	0	0	0
223	1.58438	-0.5	16.15	0	0	0	0	0	0	0	0	0
224	1.52625	-0.5	11.8625	0	0	0	0	0	0	0	0	0
225	1.48125	0	7.85	0	0	0	0	0	0	0	0	0
226	1.47375	0.25	1.15	0	0	0	0	0	0	0	0	0
227	1.5	0.75	-3.975	0	0	0	0	0	0	0	0	0
228	1.54312	0.5	-9.125	0	0	0	0	0	0	0	0	0
229	1.61062	0.5	-13.5875	0	0	0	0	0	0	0	0	0
230	1.67625	0.25	-17.775	0	0	0	0	0	0	0	0	0
231	1.725	0	-21.1	0	0	0	0	0	0	0	0	0
232	1.73438	0	-24.6125	0	0	0	0	0	0	0	0	0
233	1.77	0.25	-27.225	0	0	0	0	0	0	0	0	0
234	1.78687	0	-29.625	0	0	0	0	0	0	0	0	0
235	1.79437	0	-32.2	0	0	0	0	0	0	0	0	0
236	1.81125	0.5	-34.5125	0	0	0	0	0	0	0	0	0
237	1.8525	0	-35.9125	0	0	0	0	0	0	0	0	0
238	1.84125	-0.25	-36.425	0	0	0	0	0	0	0	0	0
239	1.82062	-0.25	-36.6	0	0	0	0	0	0	0	0	0
240	1.84125	0.25	-36.8625	0	0	0	0	0	0	0	0	0
241	1.8675	0.25	-36.75	0	0	0	0	0	0	0	0	0
242	1.87688	0.5	-36.4625	0	0	0	0	0	0	0	0	0
243	1.9275	0.75	-36.825	0	0	0	0	0	0	0	0	0
244	2.00062	0	-37.125	0	0	0	0	0	0	0	0	0
245	2.03625	0	-36.35	0	0	0	0	0	0	0	0	0
246	2.03812	0	-35.2625	0	0	0	0	0	0	0	0	0
247	2.04188	-0.25	-34.8625	0	0	0	0	0	0	0	0	0
248	2.02875	-0.25	-34.6375	0	0	0	0	0	0	0	0	0
249	2.00437	-0.25	-33.1625	0	0	0	0	0	0	0	0	0
250	1.99125	0.25	-30.9375	0	0	0	0	0	0	0	0	0
251	1.98562	0	-28.775	0	0	0	0	0	0	0	0	0
252	2.01188	0.5	-25.5875	0	0	0	0	0	0	0	0	0
253	2.025	0	-23.9125	0	0	0	0	0	0	0	0	0
254	2.0325	-0.25	-24.4625	0	0	0	0	0	0	0	0	0
255	2.08125	1	-24.4625	0	0	0	0	0	0	0	0	0
256	2.1825	0.75	-23.8	0	0	0	0	0	0	0	0	0
257	2.29125	1.5	-23.2	0	0	0	0	0	0	0	0	0
258	2.45062	1.75	-20.7875	0	0	0	0	0	0	0	0	0
259	2.65312	1	-16.675	0	0	0	0	0	0	0	0	0
260	2.81625	0.75	-14.4	0	0	0	0	0	0	0	0	0
261	2.95688	0.75	-13.075	0	0	0	0	0	0	0	0	0
262	3.105	1	-12	0	0	0	0	0	0	0	0	0
263	3.27	1.25	-11.225	0	0	0	0	0	0	0	0	0
264	3.43875	1.5	-11.8	0	0	0	0	0	0	0	0	0
265	3.61312	1.25	-12.3875	0	0	0	0	0	0	0	0	0
266	3.77625	0.75	-12.875	0	0	0	0	0	0	0	0	0
267	3.91875	0.5	-12.825	0	0	0	0	0	0	0	0	0
268	4.02	0.25	-12.0625	0	0	0	0	0	0	0	0	0
269	4.11562	0.75	-11.05	0	0	0	0	0	0	0	0	0
270	4.2075	0.75	-10.2375	0	0	0	0	0	0	0	0	0
271	4.2975	0.5	-9.4	0	0	0	0	0	0	0	0	0
272	4.43062	1.5	-10.25	0	0	0	0	0	0	0	0	0
273	4.55812	0.5	-10.7875	0	0	0	0	0	0	0	0	0
274	4.68188	1	-10.875	0	0	0	0	0	0	0	0	0
275	4.80375	1	-10.9125	0	0	0	0	0	0	0	0	0
276	4.9575	0.5	-10.8375	0	0	0	0	0	0	0	0	0
277	5.0475	0.75	-9.425	0	0	0	0	0	0	0	0	0
278	5.1225	0	-8.8	0	0	0	0	0	0	0	0	0
279	5.19	0.5	-8.5	0	0	0	0	0	0	0	0	0
280	5.24062	-0.25	-7.7375	0	0	0	0	0	0	0	0	0
281	5.26125	0.25	-7.3875	0	0	0	0	0	0	0	0	0
282	5.2875	0.5	-7.3	0	0	0	0	0	0	0	0	0
283	5.33062	0	-7.15	0	0	0	0	0	0	0	0	0
284	5.35125	0.25	-7.1375	0	0	0	0	0	0	0	0	0
285	5.39062	0.25	-7.775	0	0	0	0	0	0	0	0	0
286	5.41125	0	-8.2875	0	0	0	0	0	0	0	0	0
287	5.4075	-0.25	-8.6375	0	0	0	0	0	0	0	0	0
288	5.40375	0	-9.025	0	0	0	0	0	0	0	0	0
289	5.40375	-0.25	-9.25	0	0	0	0	0	0	0	0	0
290	5.38688	0	-8.8375	0	0	0	0	0	0	0	0	0
291	5.3775	0.25	-8.425	0	0	0	0	0	0	0	0	0
292	5.35875	-0.5	-7.825	0	0	0	0	0	0	0	0	0
293	5.33438	-0.25	-6.6125	0	0	0	0	0	0	0	0	0
294	5.27625	-0.75	-5.775	0	0	0	0	0	0	0	0	0
295	5.18812	-1	-5.275	0	0	0	0	0	0	0	0	0
296	5.06812	-0.75	-5.0125	0	0	0	0	0	0	0	0	0
297	4.91812	-1.75	-5.15	0	0	0	0	0	0	0	0	0
298	4.73625	-1.25	-5.6625	0	0	0	0	0	0	0	0	0
299	4.55438	-1.25	-6.025	0	0	0	0	0	0	0	0	0
300	4.4025	-0.75	-6.4125	0	0	0	0	0	0	0	0	0
301	4.23562	-0.75	-6.625	0	0	0	0	0	0	0	0	0
302	4.09125	-1	-6.4375	0	0	0	0	0	0	0	0	0
303	3.96	-0.75	-6.725	0	0	0	0	0	0	0	0	0
304	3.82125	-1.5	-6.975	0	0	0	0	0	0	0	0	0
305	3.645	-1	-7.0875	0	0	0	0	0	0	0	0	0
306	3.48375	-1	-6.925	0	0	0	0	0	0	0	0	0
307	3.31312	-1.5	-7.3875	0	0	0	0	0	0	0	0	0
308	3.13688	-1	-7.8	0	0	0	0	0	0	0	0	0
309	2.97188	-1	-8.3	0	0	0	0	0	0	0	0	0
310	2.83125	-0.75	-8.8375	0	0	0	0	0	0	0	0	0
311	2.685	-0.75	-10.35	0	0	0	0	0	0	0	0	0
312	2.55188	-1	-11.3875	0	0	0	0	0	0	0	0	0
313	2.41125	-1	-12.1125	0	0	0	0	0	0	0	0	0
314	2.28188	-1	-13.575	0	0	0	0	0	0	0	0	0
315	2.14125	-0.75	-14.2625	0	0	0	0	0	0	0	0	0
316	2.01188	-0.75	-13.25	0	0	0	0	0	0	0	0	0
317	1.88625	-0.75	-11.7375	0	0	0	0	0	0	0	0	0
318	1.77938	-0.75	-9.2375	0	0	0	0	0	0	0	0	0
319	1.68	-0.5	-4.9125	0	0	0	0	0	0	0	0	0
320	1.60125	-0.25	-0.775	0	0	0	0	0	0	0	0	0
321	1.54688	0	2.975	0	0	0	0	0	0	0	0	0
322	1.53562	0.25	6.6	0	0	0	0	0	0	0	0	0
323	1.56	0.5	9.7875	0	0	0	0	0	0	0	0	0
324	1.60312	0.5	12.6125	0	0	0	0	0	0	0	0	0
325	1.65562	0.5	14.7125	0	0	0	0	0	0	0	0	0
326	1.71375	0.25	16.9625	0	0	0	0	0	0	0	0	0
327	1.77375	0.25	19.5625	0	0	0	0	0	0	0	0	0
328	1.83375	0.5	21.8625	0	0	0	0	0	0	0	0	0
329	1.87875	0.25	23.975	0	0	0	0	0	0	0	0	0
330	1.93125	0.5	25.9625	0	0	0	0	0	0	0	0	0
331	2.0175	0.75	26.675	0	0	0	0	0	0	0	0	0
332	2.09063	0.25	26.8	0	0	0	0	0	0	0	0	0
333	2.12625	0.25	26.7625	0	0	0	0	0	0	0	0	0
334	2.16	0	26.6375	0	0	0	0	0	0	0	0	0
335	2.17875	-0.5	26.1	0	0	0	0	0	0	0	0	0
336	2.21625	0.75	25.6375	0	0	0	0	0	0	0	0	0
337	2.27813	1	24.5125	0	0	0	0	0	0	0	0	0
338	2.385	1.25	22.65	0	0	0	0	0	0	0	0	0
339	2.4975	1	20.5	0	0	0	0	0	0	0	0	0
340	2.63062	0.25	19.7375	0	0	0	0	0	0	0	0	0
341	2.71312	0.25	19.5125	0	0	0	0	0	0	0	0	0
342	2.77125	0	19.675	0	0	0	0	0	0	0	0	0
343	2.79937	0.25	21.1625	0	0	0	0	0	0	0	0	0
344	2.82938	0	22.8	0	0	0	0	0	0	0	0	0
345	2.85562	0.25	24.3125	0	0	0	0	0	0	0	0	0
346	2.88375	0.25	25.475	0	0	0	0	0	0	0	0	0
347	2.91188	0.25	26.525	0	0	0	0	0	0	0	0	0
348	2.94188	0.25	26.7125	0	0	0	0	0	0	0	0	0
349	2.97188	0	26.8	0	0	0	0	0	0	0	0	0
350	3.00188	0.25	25.725	0	0	0	0	0	0	0	0	0
351	3.04688	0.5	24.4875	0	0	0	0	0	0	0	0	0
352	3.05438	-0.25	24.225	0	0	0	0	0	0	0	0	0
353	3.08812	0.5	24.1125	0	0	0	0	0	0	0	0	0
354	3.09	-0.5	23.7875	0	0	0	0	0	0	0	0	0
355	3.12188	0.25	23.45	0	0	0	0	0	0	0	0	0
356	3.135	0.75	23.15	0	0	0	0	0	0	0	0	0
357	3.20438	0.25	21.575	0	0	0	0	0	0	0	0	0
358	3.26625	1.25	20.075	0	0	0	0	0	0	0	0	0
359	3.36	0	19.425	0	0	0	0	0	0	0	0	0
360	3.405	0.25	19.5	0	0	0	0	0	0	0	0	0
361	3.44625	0	19.5625	0	0	0	0	0	0	0	0	0
362	3.465	-0.25	20.0375	0	0	0	0	0	0	0	0	0
363	3.43815	-1.25	19.87388	1	0	0	0	0	0	0	0	0
364	3.41731	-1.25	19.79691	1	0	0	0	0	0	0	0	0
365	3.21	-1.25	19.958	0	0	0	0	0	0	0	0	0
366	3.03	-1.25	19.504	0	0	0	0	0	0	0	0	0
367	2.86312	0	19.0345	0	0	0	0	0	0	0	0	0
368	2.78062	0	18.9195	0	0	0	0	0	0	0	0	0
369	2.72812	0	19.15	0	0	0	0	0	0	0	0	0
370	2.70937	0	20.25	0	0	0	0	0	0	0	0	0
371	2.71528	0	19.95527	1	0	0	0	0	0	0	0	0
372	2.72243	0	20.00969	1	0	0	0	0	0	0	0	0
373	2.73146	0	20.08061	1	0	0	0	0	0	0	0	0
374	2.74306	0	20.08288	1	0	0	0	0	0	0	0	0
375	2.75811	0	19.95009	1	0	0	0	0	0	0	0	0
376	2.75783	0	20.01695	1	0	0	0	0	0	0	0	0
377	2.7576	0	20.08321	1	0	0	0	0	0	0	0	0
378	2.7574	0	20.20539	1	0	0	0	0	0	0	0	0
379	2.75724	0	20.3143	1	0	0	0	0	0	0	0	0
380	2.7571	0	20.45401	1	0	0	0	0	0	0	0	0
381	2.75697	0	20.5796	1	0	0	0	0	0	0	0	0
382	2.75827	1	20.73479	1	0	0	0	0	0	0	0	0
383	2.76069	1	20.83988	1	0	0	0	0	0	0	0	0
384	2.76374	0	20.95023	1	0	0	0	0	0	0	0	0
385	2.73879	1.5	22.23873	0	0	0	0	0	0	0	0	0
386	2.82587	-1	24.06514	0	0	0	0	0	0	0	0	0
387	3.1047	0.5	26.61035	0	0	0	0	0	0	0	0	0
388	3.15795	1.25	27.0171	0	0	0	0	0	0	0	0	0
389	3.285	0	27.35	0	0	0	0	0	0	0	0	0
390	3.2475	0	27.5125	0	0	0	0	0	0	0	0	0
391	3.33562	0.25	27.275	0	0	0	0	0	0	0	0	0
392	3.37875	0.25	26.6375	0	0	0	0	0	0	0	0	0
393	3.42	0	26.325	0	0	0	0	0	0	0	0	0
394	3.42937	1.5	26.6625	0	0	0	0	0	0	0	0	0
395	3.53625	-0.25	27.4125	0	0	0	0	0	0	0	0	0
396	3.47812	-1.5	28.275	0	0	0	0	0	0	0	0	0
397	3.33	-2	27.9375	0	0	0	0	0	0	0	0	0
398	3.27	0.25	26.5	0	0	0	0	0	0	0	0	0
399	3.15562	-1.5	25.9875	0	0	0	0	0	0	0	0	0
400	2.99625	0	25.825	0	0	0	0	0	0	0	0	0
401	2.91563	0.5	25.4625	0	0	0	0	0	0	0	0	0
402	2.91375	-1.75	26.35	0	0	0	0	0	0	0	0	0
403	2.80125	0	28.3875	0	0	0	0	0	0	0	0	0
404	2.745	0	27.3	0	0	0	0	0	0	0	0	0
405	2.8425	2	25.4375	0	0	0	0	0	0	0	0	0
406	2.89312	0	23.4875	0	0	0	0	0	0	0	0	0
407	2.91	0	21.7375	0	0	0	0	0	0	0	0	0
408	2.925	0	19.8375	0	0	0	0	0	0	0	0	0
409	2.94	-2	20.0375	0	0	0	0	0	0	0	0	0
410	2.91	1.5	20.45	0	0	0	0	0	0	0	0	0
411	2.895	0	21.275	0	0	0	0	0	0	0	0	0
412	2.8875	0	22.1875	0	0	0	0	0	0	0	0	0
413	2.88965	0	21.95334	1	0	0	0	0	0	0	0	0
414	2.89232	-1.5	21.83913	1	0	0	0	0	0	0	0	0
415	2.88853	0	21.72092	1	0	0	0	0	0	0	0	0
416	2.89048	0	21.47494	1	0	0	0	0	0	0	0	0
417	2.89319	0	21.0799	1	0	0	0	0	0	0	0	0
418	2.88904	0	21.19795	1	0	0	0	0	0	0	0	0
419	2.8839	0	21.29533	1	0	0	0	0	0	0	0	0
420	2.87985	0	21.37365	1	0	0	0	0	0	0	0	0
421	2.87526	0	21.41765	1	0	0	0	0	0	0	0	0
422	2.87151	0	21.43616	1	0	0	0	0	0	0	0	0
423	2.86746	0	21.41974	1	0	0	0	0	0	0	0	0
424	2.86405	0	21.39414	1	0	0	0	0	0	0	0	0
425	2.8605	0	21.36346	1	0	0	0	0	0	0	0	0
426	2.85745	0	21.34557	1	0	0	0	0	0	0	0	0
427	2.85433	0	21.34874	1	0	0	0	0	0	0	0	0
428	2.8485	0	22.25824	1	0	0	0	0	0	0	0	0
429	2.82107	0	22.57344	1	0	0	0	0	0	0	0	0
430	2.81653	0	23.10756	1	0	0	0	0	0	0	0	0
431	2.81191	0	23.56308	1	0	0	0	0	0	0	0	0
432	2.80752	0	23.43793	1	0	0	0	0	0	0	0	0
433	2.80311	0	23.67702	1	0	0	0	0	0	0	0	0
434	2.78602	0	23.97492	1	0	0	0	0	0	0	0	0
435	2.78249	0	24.17723	1	0	0	0	0	0	0	0	0
436	2.76881	0	24.36494	1	0	0	0	0	0	0	0	0
437	2.76599	0	24.56187	1	0	0	0	0	0	0	0	0
438	2.75475	-0.25	24.68402	1	0	0	0	0	0	0	0	0
439	2.75191	-0.25	24.78027	1	0	0	0	0	0	0	0	0
440	2.7219	-0.25	24.68995	0	0	0	0	0	0	0	0	0
441	2.69386	-0.25	25.95767	0	0	0	0	0	0	0	0	0
442	2.59902	0.25	26.31931	0	0	0	0	0	0	0	0	0
443	2.60424	0.25	26.36033	0	0	0	0	0	0	0	0	0
444	2.61937	0.25	26.4875	0	0	0	0	0	0	0	0	0
445	2.64375	0.25	26.425	0	0	0	0	0	0	0	0	0
446	2.63892	0	26.3679	1	0	0	0	0	0	0	0	0
447	2.63795	0	26.32069	1	0	0	0	0	0	0	0	0
448	2.63623	0	26.26732	1	0	0	0	0	0	0	0	0
449	2.63259	0	26.22548	1	0	0	0	0	0	0	0	0
450	2.62597	0	26.18596	1	0	0	0	0	0	0	0	0
451	2.6281	0	26.15003	1	0	0	0	0	0	0	0	0
452	2.62976	0	26.09937	1	0	0	0	0	0	0	0	0
453	2.6314	0	26.05083	1	0	0	0	0	0	0	0	0
454	2.63275	0	25.99044	1	0	0	0	0	0	0	0	0
455	2.63407	0	25.92987	1	0	0	0	0	0	0	0	0
456	2.63518	0	25.86228	1	0	0	0	0	0	0	0	0
457	2.63628	0	25.80242	1	0	0	0	0	0	0	0	0
458	2.63722	0	25.73923	1	0	0	0	0	0	0	0	0
459	2.63814	0	25.68281	1	0	0	0	0	0	0	0	0
460	2.63895	0	25.6271	1	0	0	0	0	0	0	0	0
461	2.64168	0	25.55102	1	0	0	0	0	0	0	0	0
462	2.65503	0	25.54085	1	0	0	0	0	0	0	0	0
463	2.66777	0	25.52972	1	0	0	0	0	0	0	0	0
464	2.67988	0	25.36809	1	0	0	0	0	0	0	0	0
465	2.67423	0	25.25638	1	0	0	0	0	0	0	0	0
466	2.67875	0	25.14412	1	0	0	0	0	0	0	0	0
467	2.6824	0	25.01359	1	0	0	0	0	0	0	0	0
468	2.68532	0	24.89902	1	0	0	0	0	0	0	0	0
469	2.68592	0	24.75673	1	0	0	0	0	0	0	0	0
470	2.68826	0	24.67212	1	0	0	0	0	0	0	0	0
471	2.68874	0	24.50763	1	0	0	0	0	0	0	0	0
472	2.6906	0	24.40615	1	0	0	0	0	0	0	0	0
473	2.69099	0	24.24245	1	0	0	0	0	0	0	0	0
474	2.69248	0	24.13077	1	0	0	0	0	0	0	0	0
475	2.69279	0	23.98518	1	0	0	0	0	0	0	0	0
476	2.69399	0	23.92495	1	0	0	0	0	0	0	0	0
477	2.69423	0	23.80747	1	0	0	0	0	0	0	0	0
478	2.69519	0	23.75832	1	0	0	0	0	0	0	0	0
479	2.69539	0	23.67775	1	0	0	0	0	0	0	0	0
480	2.69615	0	23.63684	1	0	0	0	0	0	0	0	0
481	2.69631	0	23.5422	1	0	0	0	0	0	0	0	0
482	2.69692	0	23.50947	1	0	0	0	0	0	0	0	0
483	2.7103	1.5	23.33337	0	0	0	0	0	0	0	0	0
484	2.7513	1.5	23.50049	0	0	0	0	0	0	0	0	0
485	3.05091	0.975	25.41355	0	0	0	0	0	0	0	0	0
486	3.17628	1.03875	26.17613	0	0	0	0	0	0	0	0	0
487	3.24461	-1.5	26.68	0	0	0	0	0	0	0	0	0
488	3.20376	-1.25	27.1725	0	0	0	0	0	0	0	0	0
489	3.09136	-0.975	26.86875	0	0	0	0	0	0	0	0	0
490	3.0369	-0.03875	26.2275	0	0	0	0	0	0	0	0	0
491	2.94345	0	26.02	0	0	0	0	0	0	0	0	0
492	2.89204	-0.25	25.8225	0	0	0	0	0	0	0	0	0
493	2.89732	0	25.86229	1	0	0	0	0	0	0	0	0
494	2.87129	-0.5	24.99875	0	0	0	0	0	0	0	0	0
495	2.84175	0.5	25.9075	0	0	0	0	0	0	0	0	0
496	2.86088	0.5	26.5475	0	0	0	0	0	0	0	0	0
497	2.90025	0.5	26.9725	0	0	0	0	0	0	0	0	0
498	2.92125	-0.5	26.75	0	0	0	0	0	0	0	0	0
499	2.89875	-0.5	26.75	0	0	0	0	0	0	0	0	0
500	2.86125	-0.5	25.9875	0	0	0	0	0	0	0	0	0
501	2.8275	-0.25	24.9	0	0	0	0	0	0	0	0	0
502	2.77875	0	24.725	0	0	0	0	0	0	0	0	0
503	2.7525	0	24.6625	0	0	0	0	0	0	0	0	0
504	2.72438	-0.25	24.4875	0	0	0	0	0	0	0	0	0
505	2.62125	-1.75	24.8	0	0	0	0	0	0	0	0	0
506	2.46375	-1.5	24.925	0	0	0	0	0	0	0	0	0
507	2.29688	-1.5	24.4625	0	0	0	0	0	0	0	0	0
508	2.1225	-1.25	24.325	0	0	0	0	0	0	0	0	0
509	1.95562	0	24.2875	0	0	0	0	0	0	0	0	0
510	1.87125	0	23.9375	0	0	0	0	0	0	0	0	0
511	1.815	-0.25	24.8375	0	0	0	0	0	0	0	0	0
512	1.77188	-0.25	25.825	0	0	0	0	0	0	0	0	0
513	1.72125	-0.5	26.6125	0	0	0	0	0	0	0	0	0
514	1.65562	-0.75	27.7875	0	0	0	0	0	0	0	0	0
515	1.57687	-0.5	28.6625	0	0	0	0	0	0	0	0	0
516	1.4925	-0.75	28.1625	0	0	0	0	0	0	0	0	0
517	1.40438	-0.5	27.2	0	0	0	0	0	0	0	0	0
518	1.32938	-0.25	25.55	0	0	0	0	0	0	0	0	0
519	1.27688	-0.25	23.5875	0	0	0	0	0	0	0	0	0
520	1.22062	-0.25	20.7375	0	0	0	0	0	0	0	0	0
521	1.1775	-0.25	17.525	0	5.13	-0.75	48.4	0	0	0	0	0
522	1.14188	-0.25	13.9875	0	0	0	0	0	0	0	0	0
523	1.095	-0.5	10.125	0	0	0	0	0	0	0	0	0
524	1.05562	0	5.75	0	0	0	0	0	0	0	0	0
525	1.03688	0	1.5625	0	0	0	0	0	0	0	0	0
526	1.0425	0.25	-2.0375	0	0	0	0	0	0	0	0	0
527	1.07438	0.75	-5.15	0	0	0	0	0	0	0	0	0
528	1.13625	0.5	-7.225	0	0	0	0	0	0	0	0	0
529	1.22812	1	-9.0375	0	0	0	0	0	0	0	0	0
530	1.35	1	-9.9125	0	0	0	0	0	0	0	0	0
531	1.47187	0.75	-10.4375	0	0	0	0	0	0	0	0	0
532	1.59375	1	-11.65	0	0	0	0	0	0	0	0	0
533	1.73062	0.75	-12.575	0	0	0	0	0	0	0	0	0
534	1.86	0.75	-12.6875	0	0	0	0	0	0	0	0	0
535	1.98375	1	-12.65	0	0	0	0	0	0	0	0	0
536	2.12062	1	-12.8875	0	0	0	0	0	0	0	0	0
537	2.265	1	-11.9625	0	0	0	0	0	0	0	0	0
538	2.39625	0.75	-11.3625	0	0	0	0	0	0	0	0	0
539	2.55188	1.25	-10.875	0	0	0	0	0	0	0	0	0
540	2.72062	1.25	-10.65	0	0	0	0	0	0	0	0	0
541	2.85	0.5	-10.5625	0	0	0	0	0	0	0	0	0
542	3.00375	1.5	-10.775	0	0	0	0	0	0	0	0	0
543	3.1425	0.25	-10.775	0	0	0	0	0	0	0	0	0
544	3.22688	0	-11.4875	0	0	0	0	0	0	0	0	0
545	3.28125	0.75	-12.05	0	0	0	0	0	0	0	0	0
546	3.35625	-0.25	-11.9375	0	0	0	0	0	0	0	0	0
547	3.43687	1.25	-11.5625	0	0	0	0	0	0	0	0	0
548	3.56438	1.5	-11.125	0	0	0	0	0	0	0	0	0
549	3.68812	0.75	-10.175	0	0	0	0	0	0	0	0	0
550	3.81187	1	-9.7625	0	0	0	0	0	0	0	0	0
551	3.94875	0.25	-9.7625	0	0	0	0	0	0	0	0	0
552	4.035	0	-9.5625	0	0	0	0	0	0	0	0	0
553	4.12125	1.25	-9.8375	0	0	0	0	0	0	0	0	0
554	4.23938	1	-10.725	0	0	0	0	0	0	0	0	0
555	4.35938	0.75	-10.875	0	0	0	0	0	0	0	0	0
556	4.47562	1	-10.825	0	0	0	0	0	0	0	0	0
557	4.62562	0.75	-11.8375	0	0	0	0	0	0	0	0	0
558	4.7325	0.5	-11.9625	0	0	0	0	0	0	0	0	0
559	4.83	0.75	-11.7625	0	0	0	0	0	0	0	0	0
560	4.90875	0.25	-11.875	0	0	0	0	0	0	0	0	0
561	4.98	0	-12.1	0	0	0	0	0	0	0	0	0
562	5.02688	0.5	-11.625	0	0	0	0	0	0	0	0	0
563	5.06625	0	-11.9	0	0	0	0	0	0	0	0	0
564	5.1	0.5	-12.0625	0	0	0	0	0	0	0	0	0
565	5.16188	0.5	-12.3375	0	0	0	0	0	0	0	0	0
566	5.19187	-0.25	-12.6375	0	0	0	0	0	0	0	0	0
567	5.20688	0.25	-13.05	0	0	0	0	0	0	0	0	0
568	5.24438	0.25	-13.025	0	0	0	0	0	0	0	0	0
569	5.28	0	-12.925	0	0	0	0	0	0	0	0	0
570	5.295	0.5	-12.875	0	0	0	0	0	0	0	0	0
571	5.3325	0.25	-12.65	0	0	0	0	0	0	0	0	0
572	5.36812	0	-12.0125	0	0	0	0	0	0	0	0	0
573	5.385	0	-11.6	0	0	0	0	0	0	0	0	0
574	5.3925	0	-11.2	0	0	0	0	0	0	0	0	0
575	5.39812	0	-10.6875	0	0	0	0	0	0	0	0	0
576	5.4	0	-10.2125	0	0	0	0	0	0	0	0	0
577	5.4	0	-10.1	0	0	0	0	0	0	0	0	0
578	5.4	0	-10.1375	0	0	0	0	0	0	0	0	0
579	5.385	-0.25	-10.15	0	0	0	0	0	0	0	0	0
580	5.3625	-0.25	-10.4625	0	0	0	0	0	0	0	0	0
581	5.32125	-0.5	-11.1375	0	0	0	0	0	0	0	0	0
582	5.25562	-0.75	-11.675	0	0	0	0	0	0	0	0	0
583	5.16188	-0.75	-12.3375	0	0	0	0	0	0	0	0	0
584	5.07	-0.75	-13.2875	0	0	0	0	0	0	0	0	0
585	4.97813	-0.5	-13.775	0	0	0	0	0	0	0	0	0
586	4.88625	-0.5	-14.3	0	0	0	0	0	0	0	0	0
587	4.79438	-0.5	-15.375	0	0	0	0	0	0	0	0	0
588	4.70438	-0.75	-16.625	0	0	0	0	0	0	0	0	0
589	4.59938	-1	-18.0125	0	0	0	0	0	0	0	0	0
590	4.48687	-0.75	-19.625	0	0	0	0	0	0	0	0	0
591	4.38562	-0.5	-21.2625	0	0	0	0	0	0	0	0	0
592	4.29	-0.5	-22.075	0	0	0	0	0	0	0	0	0
593	4.21125	-0.25	-22.5875	0	0	0	0	0	0	0	0	0
594	4.15687	-0.25	-23.85	0	0	0	0	0	0	0	0	0
595	4.07062	-1	-24.675	0	0	0	0	0	0	0	0	0
596	3.9975	-0.25	-24.8375	0	0	0	0	0	0	0	0	0
597	3.93188	-0.5	-24.825	0	0	0	0	0	0	0	0	0
598	3.825	-1.25	-25.275	0	0	0	0	0	0	0	0	0
599	3.69375	-0.5	-24.55	0	0	0	0	0	0	0	0	0
600	3.6	-1	-24.5625	0	0	0	0	0	0	0	0	0
601	3.49312	-0.75	-25.075	0	0	0	0	0	0	0	0	0
602	3.42188	0.5	-25.5625	0	0	0	0	0	0	0	0	0
603	3.43125	0.75	-25.825	0	0	0	0	0	0	0	0	0
604	3.48375	0.75	-26.5375	0	0	0	0	0	0	0	0	0
605	3.56812	1	-26.4	0	0	0	0	0	0	0	0	0
606	3.67312	0.5	-25.4125	0	0	0	0	0	0	0	0	0
607	3.75938	0.25	-24.6125	0	0	0	0	0	0	0	0	0
608	3.8175	0.25	-23.3375	0	0	0	0	0	0	0	0	0
609	3.8775	0.25	-21.7375	0	0	0	0	0	0	0	0	0
610	3.8775	-0.5	-21.4125	0	0	0	0	0	0	0	0	0
611	3.84562	-0.5	-21.5875	0	0	0	0	0	0	0	0	0
612	3.79875	-0.5	-21.8375	0	0	0	0	0	0	0	0	0
613	3.74625	-0.75	-21.7625	0	0	0	0	0	0	0	0	0
614	3.67125	0	-22.1125	0	0	0	0	0	0	0	0	0
615	3.61875	-0.25	-21.575	0	0	0	0	0	0	0	0	0
616	3.5775	-0.25	-20.5	0	0	0	0	0	0	0	0	0
617	3.52688	-0.5	-19.2375	0	0	0	0	0	0	0	0	0
618	3.48562	-0.25	-18.3375	0	0	0	0	0	0	0	0	0
619	3.42188	-0.5	-17.025	0	0	0	0	0	0	0	0	0
620	3.345	-0.75	-16.3625	0	0	0	0	0	0	0	0	0
621	3.26062	-0.5	-16.0375	0	0	0	0	0	0	0	0	0
622	3.17438	-1	-15.8	0	0	0	0	0	0	0	0	0
623	3.05438	-0.75	-15.95	0	0	0	0	0	0	0	0	0
624	2.94938	-0.5	-16.575	0	0	0	0	0	0	0	0	0
625	2.89687	0	-16.3875	0	0	0	0	0	0	0	0	0
626	2.81062	-0.75	-16.4875	0	0	0	0	0	0	0	0	0
627	2.67562	-1.25	-17.3625	0	0	0	0	0	0	0	0	0
628	2.58	-0.5	-18.0125	0	0	0	0	0	0	0	0	0
629	2.505	-1	-18.875	0	0	0	0	0	0	0	0	0
630	2.37375	-0.5	-19.85	0	0	0	0	0	0	0	0	0
631	2.27625	0.25	-22.375	0	0	0	0	0	0	0	0	0
632	2.23125	-0.75	-24.2	0	0	0	0	0	0	0	0	0
633	2.14875	-1	-25.7375	0	0	0	0	0	0	0	0	0
634	2.02875	-0.75	-26.7	0	0	0	0	0	0	0	0	0
635	1.9275	-0.75	-27.875	0	0	0	0	0	0	0	0	0
636	1.83375	-0.5	-28.175	0	0	0	0	0	0	0	0	0
637	1.73812	-0.5	-29.125	0	0	0	0	0	0	0	0	0
638	1.71938	0.75	-29.875	0	0	0	0	0	0	0	0	0
639	1.71188	0	-30.975	0	0	0	0	0	0	0	0	0
640	1.70812	0	-32.375	0	0	0	0	0	0	0	0	0
641	1.70625	0.25	-33.5375	0	0	0	0	0	0	0	0	0
642	1.74	-0.5	-34.5875	0	0	0	0	0	0	0	0	0
643	1.725	0.25	-36.2375	0	0	0	0	0	0	0	0	0
644	1.7175	0	-37.475	0	0	0	0	0	0	0	0	0
645	1.71375	0	-38.5625	0	0	0	0	0	0	0	0	0
646	1.71375	-0.25	-39.5125	0	0	0	0	0	0	0	0	0
647	1.68	-0.5	-40.125	0	0	0	0	0	0	0	0	0
648	1.635	-0.25	-40.8875	0	0	0	0	0	0	0	0	0
649	1.6125	0	-42.475	0	0	0	0	0	0	0	0	0
650	1.58625	-0.25	-43.6625	0	0	0	0	0	0	0	0	0
651	1.57125	0.25	-44.6375	0	0	0	0	0	0	0	0	0
652	1.57875	0.25	-45.65	0	0	0	0	0	0	0	0	0
653	1.59938	0	-46.4	0	0	0	0	0	0	0	0	0
654	1.60875	0.25	-46.025	0	0	0	0	0	0	0	0	0
655	1.62938	0	-45.6375	0	0	0	0	0	0	0	0	0
656	1.64062	0	-45.45	0	0	0	0	0	0	0	0	0
657	1.64625	0	-45.2375	0	0	0	0	0	0	0	0	0
658	1.64812	0	-44.775	0	0	0	0	0	0	0	0	0
659	1.65	0	-44.275	0	0	0	0	0	0	0	0	0
660	1.665	0.25	-43.8375	0	0	0	0	0	0	0	0	0
661	1.6725	0	-43.4125	0	0	0	0	0	0	0	0	0
662	1.66125	-0.25	-42.9875	0	0	0	0	0	0	0	0	0
663	1.65562	0	-42.875	0	0	0	0	0	0	0	0	0
664	1.65375	-0.25	-43.225	0	0	0	0	0	0	0	0	0
665	1.63688	0	-44	0	0	0	0	0	0	0	0	0
666	1.6275	0.25	-44.5875	0	0	0	0	0	0	0	0	0
667	1.65375	0.25	-44.9	0	0	0	0	0	0	0	0	0
668	1.68188	0.25	-44.975	0	0	0	0	0	0	0	0	0
669	1.67478	-0.25	-44.96692	1	0	0	0	0	0	0	0	0
670	1.67027	-0.25	-44.8553	1	0	0	0	0	0	0	0	0
671	1.66634	-0.5	-44.695	1	0	0	0	0	0	0	0	0
672	1.64812	0	-43.9425	0	0	0	0	0	0	0	0	0
673	1.60312	0	-43.2775	0	0	0	0	0	0	0	0	0
674	1.58138	0	-42.8325	0	0	0	0	0	0	0	0	0
675	1.5705	0	-43.0075	0	0	0	0	0	0	0	0	0
676	1.57674	-0.25	-43.0962	1	0	0	0	0	0	0	0	0
677	1.5765	0.5	-42.9625	0	0	0	0	0	0	0	0	0
678	1.59825	0.25	-43.175	0	0	0	0	0	0	0	0	0
679	1.60912	0	-43.1125	0	0	0	0	0	0	0	0	0
680	1.61475	-0.25	-42.95	0	0	0	0	0	0	0	0	0
681	1.60312	-0.5	-43.075	0	0	0	0	0	0	0	0	0
682	1.5675	-0.25	-43.45	0	0	0	0	0	0	0	0	0
683	1.53375	0	-43.6125	0	0	0	0	0	0	0	0	0
684	1.5409	0	-43.67693	1	0	0	0	0	0	0	0	0
685	1.54462	0	-43.70515	1	0	0	0	0	0	0	0	0
686	1.54903	0	-43.72928	1	0	0	0	0	0	0	0	0
687	1.55522	0	-43.71533	1	0	0	0	0	0	0	0	0
688	1.56411	0	-43.65917	1	0	0	0	0	0	0	0	0
689	1.56254	0	-43.70431	1	0	0	0	0	0	0	0	0
690	1.56129	0	-43.71641	1	0	0	0	0	0	0	0	0
691	1.50932	0	-43.98928	0	0	0	0	0	0	0	0	0
692	1.50261	0	-42.8284	0	0	0	0	0	0	0	0	0
693	1.51623	0.25	-42.3111	0	0	0	0	0	0	0	0	0
694	1.52311	0	-41.9468	0	0	0	0	0	0	0	0	0
695	1.52338	0	-42.09089	1	0	0	0	0	0	0	0	0
696	1.52627	0.5	-42.2017	1	0	0	0	0	0	0	0	0
697	1.623	0.75	-41.7675	0	0	0	0	0	0	0	0	0
698	1.6815	0.5	-41.5775	0	0	0	0	0	0	0	0	0
699	1.72575	0.25	-41.895	0	0	0	0	0	0	0	0	0
700	1.77825	0	-41.945	0	0	0	0	0	0	0	0	0
701	1.80937	-0.5	-42.475	0	0	0	0	0	0	0	0	0
702	1.79062	0	-43.025	0	0	0	0	0	0	0	0	0
703	1.78125	0.25	-43.9375	0	0	0	0	0	0	0	0	0
704	1.8075	0.25	-43.7625	0	0	0	0	0	0	0	0	0
705	1.83375	0.25	-43.9125	0	0	0	0	0	0	0	0	0
706	1.86	0.25	-44.275	0	0	0	0	0	0	0	0	0
707	1.89	0.25	-43.775	0	0	0	0	0	0	0	0	0
708	1.92188	0	-42.65	0	0	0	0	0	0	0	0	0
709	1.93688	0	-42.1375	0	0	0	0	0	0	0	0	0
710	1.95937	0.25	-41.6875	0	0	0	0	0	0	0	0	0
711	1.98562	0.25	-40.7	0	0	0	0	0	0	0	0	0
712	2.01375	0.25	-39.9	0	0	0	0	0	0	0	0	0
713	2.02688	0	-39.55	0	0	0	0	0	0	0	0	0
714	2.03437	-0.25	-39.0625	0	0	0	0	0	0	0	0	0
715	2.02312	-0.25	-38.8875	0	0	0	0	0	0	0	0	0
716	2.0025	-0.25	-38.425	0	0	0	0	0	0	0	0	0
717	2.00185	-0.5	-38.58662	1	0	0	0	0	0	0	0	0
718	1.91212	-0.5	-38.2375	0	0	0	0	0	0	0	0	0
719	1.84012	-0.5	-37.825	0	0	0	0	0	0	0	0	0
720	1.75912	-0.75	-37.0875	0	0	0	0	0	0	0	0	0
721	1.67475	-0.25	-36.4625	0	0	0	0	0	0	0	0	0
722	1.6125	-0.25	-35.7125	0	0	0	0	0	0	0	0	0
723	1.56938	-0.25	-34.9375	0	0	0	0	0	0	0	0	0
724	1.53188	0	-34.0375	0	0	0	0	0	0	0	0	0
725	1.51312	0	-32.5	0	0	0	0	0	0	0	0	0
726	1.49062	-0.25	-31.625	0	0	0	0	0	0	0	0	0
727	1.44938	-0.5	-31.2875	0	0	0	0	0	0	0	0	0
728	1.42875	0	-30.0125	0	0	0	0	0	0	0	0	0
729	1.40438	-0.25	-28.5375	0	0	0	0	0	0	0	0	0
730	1.36125	-0.25	-26.3625	0	0	0	0	0	0	0	0	0
731	1.32375	0	-22.6875	0	0	0	0	0	0	0	0	0
732	1.30687	-0.5	-17.775	0	0	0	0	0	0	0	0	0
733	1.2825	0	-13.6375	0	0	0	0	0	0	0	0	0
734	1.25438	0	-9.225	0	0	0	0	0	0	0	0	0
735	1.24125	0	-5.25	0	0	0	0	0	0	0	0	0
736	1.23562	0	-3.5375	0	0	0	0	0	0	0	0	0
737	1.26187	0.25	-0.9625	0	0	0	0	0	0	0	0	0
738	1.29	0.5	2.2625	0	0	0	0	0	0	0	0	0
739	1.335	0.5	5.8375	0	0	0	0	0	0	0	0	0
740	1.3875	0.5	9.2	0	0	0	0	0	0	0	0	0
741	1.44562	0	15.1125	0	0	0	0	0	0	0	0	0
742	1.47375	0	20.375	0	0	0	0	0	0	0	0	0
743	1.50375	0.25	25.0125	0	0	0	0	0	0	0	0	0
744	1.53375	0.25	29.0125	0	0	0	0	0	0	0	0	0
745	1.60875	1	32.2625	0	0	0	0	0	0	0	0	0
746	1.68938	0.75	34.375	0	0	0	0	0	0	0	0	0
747	1.77562	0.5	35.5125	0	0	0	0	0	0	0	0	0
748	1.84875	0.5	36.2625	0	0	0	0	0	0	0	0	0
749	1.91812	-0.25	36.7	0	0	0	0	0	0	0	0	0
750	1.93688	0	37.3875	0	0	0	0	0	0	0	0	0
751	1.94625	0	38	0	0	0	0	0	0	0	0	0
752	1.965	0.25	38.5125	0	0	0	0	0	0	0	0	0
753	1.98938	0.25	37.8625	0	0	0	0	0	0	0	0	0
754	2.10375	1.75	37.4625	0	0	0	0	0	0	0	0	0
755	2.25188	1.5	37.65	0	0	0	0	0	0	0	0	0
756	2.41688	1.25	38.3375	0	0	0	0	0	0	0	0	0
757	2.60438	1.75	38.9125	0	0	0	0	0	0	0	0	0
758	2.82375	0.5	40.55	0	0	0	0	0	0	0	0	0
759	2.9625	0.75	41	0	0	0	0	0	0	0	0	0
760	3.07688	0.75	40.5375	0	0	0	0	0	0	0	0	0
761	3.18	0.25	39.8875	0	0	0	0	0	0	0	0	0
762	3.2775	0.5	39.225	0	0	0	0	0	0	0	0	0
763	3.35062	0.5	38.0875	0	0	0	0	0	0	0	0	0
764	3.43312	0.75	37.3	0	0	0	0	0	0	0	0	0
765	3.53438	1	37.025	0	0	0	0	0	0	0	0	0
766	3.645	0.5	36.5875	0	0	0	0	0	0	0	0	0
767	3.72937	0.5	36.35	0	0	0	0	0	0	0	0	0
768	3.8325	0.75	36.6625	0	0	0	0	0	0	0	0	0
769	3.885	-0.25	37.0375	0	0	0	0	0	0	0	0	0
770	3.89625	-0.25	37.4	0	0	0	0	0	0	0	0	0
771	3.9	0	37.1	0	0	0	0	0	0	0	0	0
772	3.90375	-0.5	37.075	0	0	0	0	0	0	0	0	0
773	3.87188	0.25	36.95	0	0	0	0	0	0	0	0	0
774	3.885	0.5	36.6875	0	0	0	0	0	0	0	0	0
775	3.9375	0.5	36.1125	0	0	0	0	0	0	0	0	0
776	4.00875	0.75	35.2625	0	0	0	0	0	0	0	0	0
777	4.1175	1.25	34.725	0	0	0	0	0	0	0	0	0
778	4.23562	0.75	33.95	0	0	0	0	0	0	0	0	0
779	4.34062	0.5	33.25	0	0	0	0	0	0	0	0	0
780	4.42312	0.25	32.4875	0	0	0	0	0	0	0	0	0
781	4.49625	0	32.3375	0	0	0	0	0	0	0	0	0
782	4.54688	0.5	31.6375	0	0	0	0	0	0	0	0	0
783	4.60125	0.5	31	0	0	0	0	0	0	0	0	0
784	4.6575	0.5	30.575	0	0	0	0	0	0	0	0	0
785	4.71562	0.25	30	0	0	0	0	0	0	0	0	0
786	4.75875	0	29.2625	0	0	0	0	0	0	0	0	0
787	4.78125	0	28.5125	0	0	0	0	0	0	0	0	0
788	4.7925	0	27.85	0	0	0	0	0	0	0	0	0
789	4.79813	0	27.7	0	0	0	0	0	0	0	0	0
790	4.8	0	27.925	0	0	0	0	0	0	0	0	0
791	4.8	0	27.9771	1	0	0	0	0	0	0	0	0
792	4.83	0.5	28.36	0	0	0	0	0	0	0	0	0
793	4.875	0.5	28.7925	0	0	0	0	0	0	0	0	0
794	4.9275	0.5	28.615	0	0	0	0	0	0	0	0	0
795	4.98375	0.5	28.1025	0	0	0	0	0	0	0	0	0
796	5.05875	0.25	27.375	0	0	0	0	0	0	0	0	0
797	5.09625	0	26.9	0	0	0	0	0	0	0	0	0
798	5.1	-0.25	26.025	0	0	0	0	0	0	0	0	0
799	5.10188	0	24.7875	0	0	0	0	0	0	0	0	0
800	5.10375	-0.25	23.7625	0	0	0	0	0	0	0	0	0
801	5.08687	0	22.775	0	0	0	0	0	0	0	0	0
802	5.0625	0	21.55	0	0	0	0	0	0	0	0	0
803	5.06625	0	20.325	0	0	0	0	0	0	0	0	0
804	5.05312	-0.25	20.3375	0	0	0	0	0	0	0	0	0
805	5.0479	-0.5	20.56532	1	0	0	0	0	0	0	0	0
806	5.04654	0	20.65377	1	0	0	0	0	0	0	0	0
807	4.97588	-0.5	18.97	0	0	0	0	0	0	0	0	0
808	4.917	-0.25	17.8225	0	0	0	0	0	0	0	0	0
809	4.87312	0	15.6125	0	0	0	0	0	0	0	0	0
810	4.85138	-0.25	13.0975	0	0	0	0	0	0	0	0	0
811	4.8225	0	11.275	0	0	0	0	0	0	0	0	0
812	4.82438	0.25	10.2	0	0	0	0	0	0	0	0	0
813	4.82625	0	9.5	0	0	0	0	0	0	0	0	0
814	4.82721	0	9.70137	1	0	0	0	0	0	0	0	0
815	4.83096	0.5	9.83196	1	0	0	0	0	0	0	0	0
816	4.878	0	7.7175	0	0	0	0	0	0	0	0	0
817	4.884	0	6.4525	0	0	0	0	0	0	0	0	0
818	4.887	0	5.0325	0	0	0	0	0	0	0	0	0
819	4.88888	-0.5	3.3075	0	0	0	0	0	0	0	0	0
820	4.86187	-0.25	2.075	0	0	0	0	0	0	0	0	0
821	4.83	0	0.9	0	0	0	0	0	0	0	0	0
822	4.815	0	-0.5	0	0	0	0	0	0	0	0	0
823	4.8075	0	-2.1125	0	0	0	0	0	0	0	0	0
824	4.81687	0.25	-3.475	0	0	0	0	0	0	0	0	0
825	4.8375	0.25	-4.775	0	0	0	0	0	0	0	0	0
826	4.83155	0	-4.43852	1	0	0	0	0	0	0	0	0
827	4.87838	0.5	-6.355	0	0	0	0	0	0	0	0	0
828	4.93013	0.25	-6.915	0	0	0	0	0	0	0	0	0
829	4.971	0.25	-8.295	0	0	0	0	0	0	0	0	0
830	4.95975	-0.25	-9.12	0	0	0	0	0	0	0	0	0
831	4.9725	-0.25	-10.1375	0	0	0	0	0	0	0	0	0
832	4.97813	0	-11.0625	0	0	0	0	0	0	0	0	0
833	4.965	-0.25	-12.2	0	0	0	0	0	0	0	0	0
834	4.92562	0.25	-12.5125	0	0	0	0	0	0	0	0	0
835	4.92375	-0.25	-13.3875	0	0	0	0	0	0	0	0	0
836	4.90687	-0.5	-14.125	0	0	0	0	0	0	0	0	0
837	4.8825	0	-14.4	0	0	0	0	0	0	0	0	0
838	4.86938	0.25	-14.6875	0	0	0	0	0	0	0	0	0
839	4.88062	0.25	-14.7875	0	0	0	0	0	0	0	0	0
840	4.88438	0	-14.7125	0	0	0	0	0	0	0	0	0
841	4.90125	0	-14.65	0	0	0	0	0	0	0	0	0
842	4.89562	-0.25	-14.6375	0	0	0	0	0	0	0	0	0
843	4.89375	0	-14.7125	0	0	0	0	0	0	0	0	0
844	4.87687	0	-15.05	0	0	0	0	0	0	0	0	0
845	4.86938	-0.25	-15.225	0	0	0	0	0	0	0	0	0
846	4.84875	0	-15.8125	0	0	0	0	0	0	0	0	0
847	4.86938	0.25	-15.8125	0	0	0	0	0	0	0	0	0
848	4.86375	0	-15.125	0	0	0	0	0	0	0	0	0
849	4.86187	0	-14.7625	0	0	0	0	0	0	0	0	0
850	4.86	0	-15.1125	0	0	0	0	0	0	0	0	0
851	4.85871	-0.5	-15.29994	1	0	0	0	0	0	0	0	0
852	4.85393	0	-15.50688	1	0	0	0	0	0	0	0	0
853	4.85096	0	-15.73475	1	0	0	0	0	0	0	0	0
854	4.84697	0	-15.90976	1	0	0	0	0	0	0	0	0
855	4.84372	0	-16.05468	1	0	0	0	0	0	0	0	0
856	4.84196	0	-16.1293	1	0	0	0	0	0	0	0	0
857	4.8406	0	-16.16387	1	0	0	0	0	0	0	0	0
858	4.83905	0	-16.16735	1	0	0	0	0	0	0	0	0
859	4.8378	0	-16.15272	1	0	0	0	0	0	0	0	0
860	4.83758	0.5	-16.11665	1	0	0	0	0	0	0	0	0
861	4.83813	0.5	-16.07232	1	0	0	0	0	0	0	0	0
862	4.85069	0.25	-15.683	0	0	0	0	0	0	0	0	0
863	4.85179	0	-15.63017	1	0	0	0	0	0	0	0	0
864	4.85394	-0.5	-15.56522	1	0	0	0	0	0	0	0	0
865	4.85575	-0.5	-15.49594	1	0	0	0	0	0	0	0	0
866	4.85644	-0.25	-15.42132	1	0	0	0	0	0	0	0	0
867	4.85685	0.5	-15.35169	1	0	0	0	0	0	0	0	0
868	4.85844	0.5	-15.2665	1	0	0	0	0	0	0	0	0
869	4.86017	0.25	-15.17999	1	0	0	0	0	0	0	0	0
870	4.86221	0.25	-15.08273	1	0	0	0	0	0	0	0	0
871	4.86425	-0.5	-14.98661	1	0	0	0	0	0	0	0	0
872	4.86507	-0.5	-14.50191	0	0	0	0	0	0	0	0	0
873	4.89004	-0.25	-13.33337	0	0	0	0	0	0	0	0	0
874	4.87405	0	-12.2079	0	0	0	0	0	0	0	0	0
875	4.86719	0.25	-12.9963	0	0	0	0	0	0	0	0	0
876	4.89375	0.5	-13.925	0	0	0	0	0	0	0	0	0
877	4.935	0.5	-15	0	0	0	0	0	0	0	0	0
878	4.9875	0.25	-15.65	0	0	0	0	0	0	0	0	0
879	5.02875	0.25	-16.15	0	0	0	0	0	0	0	0	0
880	5.03625	-0.5	-16.4125	0	0	0	0	0	0	0	0	0
881	5.01	-0.5	-16.4375	0	0	0	0	0	0	0	0	0
882	4.98188	-0.25	-16.325	0	0	0	0	0	0	0	0	0
883	4.96688	0	-16.175	0	0	0	0	0	0	0	0	0
884	4.9425	0.25	-15.5875	0	0	0	0	0	0	0	0	0
885	4.94437	0.25	-15.1875	0	0	0	0	0	0	0	0	0
886	4.97625	0.25	-14.8875	0	0	0	0	0	0	0	0	0
887	5.00812	0	-14.8375	0	0	0	0	0	0	0	0	0
888	5.00812	0	-14.5875	0	0	0	0	0	0	0	0	0
889	5.01	0	-14.1875	0	0	0	0	0	0	0	0	0
890	5.01188	-0.25	-13.5875	0	0	0	0	0	0	0	0	0
891	4.99688	-0.25	-12.9	0	0	0	0	0	0	0	0	0
892	4.9575	-0.25	-11.7375	0	0	0	0	0	0	0	0	0
893	4.93875	0	-11.65	0	0	0	0	0	0	0	0	0
894	4.91438	-0.25	-11.3	0	0	0	0	0	0	0	0	0
895	4.90125	0	-12.025	0	0	0	0	0	0	0	0	0
896	4.84875	-0.5	-11.7625	0	0	0	0	0	0	0	0	0
897	4.77938	-1	-11.2125	0	0	0	0	0	0	0	0	0
898	4.66875	-1	-9.9875	0	0	0	0	0	0	0	0	0
899	4.52437	-1.75	-8.35	0	0	0	0	0	0	0	0	0
900	4.34437	-1	-5.6375	0	0	0	0	0	0	0	0	0
901	4.19438	-0.75	-3.6875	0	0	0	0	0	0	0	0	0
902	4.0575	-0.75	-2.1875	0	0	0	0	0	0	0	0	0
903	3.92812	-0.5	-0.925	0	0	0	0	0	0	0	0	0
904	3.8625	0	-0.55	0	0	0	0	0	0	0	0	0
905	3.7725	-1	0.1625	0	0	0	0	0	0	0	0	0
906	3.6675	-0.75	0.9125	0	0	0	0	0	0	0	0	0
907	3.555	-0.75	1.4875	0	0	0	0	0	0	0	0	0
908	3.4725	-1	2.025	0	0	0	0	0	0	0	0	0
909	3.3675	0	3.05	0	0	0	0	0	0	0	0	0
910	3.3	-0.25	3.95	0	0	0	0	0	0	0	0	0
911	3.25125	0	5.0875	0	0	0	0	0	0	0	0	0
912	3.24375	0	6.4625	0	0	0	0	0	0	0	0	0
913	3.23812	0	7.975	0	0	0	0	0	0	0	0	0
914	3.20812	-0.25	9.1125	0	0	0	0	0	0	0	0	0
915	3.20812	0.25	9.7	0	0	0	0	0	0	0	0	0
916	3.225	0	9.9	0	0	0	0	0	0	0	0	0
917	3.2175	-0.25	10	0	0	0	0	0	0	0	0	0
918	3.21187	0.5	10.625	0	0	0	0	0	0	0	0	0
919	3.24187	0	10.9125	0	0	0	0	0	0	0	0	0
920	3.22688	-0.5	11.35	0	0	0	0	0	0	0	0	0
921	3.1875	-0.25	11.575	0	0	0	0	0	0	0	0	0
922	3.18375	0	12.025	0	0	0	0	0	0	0	0	0
923	3.18375	0	12.4125	0	0	0	0	0	0	0	0	0
924	3.18	0.5	12.625	0	0	0	0	0	0	0	0	0
925	3.19312	0.25	11.9125	0	0	0	0	0	0	0	0	0
926	3.2175	-0.25	11.475	0	0	0	0	0	0	0	0	0
927	3.21375	-0.25	10.75	0	0	0	0	0	0	0	0	0
928	3.19687	-0.25	9.175	0	0	0	0	0	0	0	0	0
929	3.15938	-0.25	7.6375	0	0	0	0	0	0	0	0	0
930	3.12563	-0.25	7.0125	0	0	0	0	0	0	0	0	0
931	3.09188	-0.25	5.475	0	0	0	0	0	0	0	0	0
932	3.09	0.25	5.7625	0	0	0	0	0	0	0	0	0
933	3.07312	0	5.6375	0	0	0	0	0	0	0	0	0
934	3.12562	1	6.725	0	0	0	0	0	0	0	0	0
935	3.21188	1	8.3875	0	0	0	0	0	0	0	0	0
936	3.18795	-0.5	7.99348	1	0	0	0	0	0	0	0	0
937	3.17836	0	7.79371	1	0	0	0	0	0	0	0	0
938	3.17	-1	7.6067	1	0	0	0	0	0	0	0	0
939	3.15645	-0.75	7.22879	1	0	0	0	0	0	0	0	0
940	3.13845	0	6.70592	1	0	0	0	0	0	0	0	0
941	3.13633	0	6.68069	1	0	0	0	0	0	0	0	0
942	3.1328	0	6.61432	1	0	0	0	0	0	0	0	0
943	3.12984	-0.25	6.53944	1	0	0	0	0	0	0	0	0
944	3.12572	0	6.44428	1	0	0	0	0	0	0	0	0
945	3.12222	0	6.35087	1	0	0	0	0	0	0	0	0
946	3.11811	0	6.2564	1	0	0	0	0	0	0	0	0
947	3.11456	0	6.17296	1	0	0	0	0	0	0	0	0
948	3.11068	0	6.0965	1	0	0	0	0	0	0	0	0
949	3.10728	0	6.032	1	0	0	0	0	0	0	0	0
950	3.10372	0	5.9766	1	0	0	0	0	0	0	0	0
951	3.11212	0	6.77044	1	0	0	0	0	0	0	0	0
952	3.09807	0	6.53883	1	0	0	0	0	0	0	0	0
953	3.13845	0	7.34576	1	0	0	0	0	0	0	0	0
954	3.1764	0	8.21843	1	0	0	0	0	0	0	0	0
955	3.13497	0	7.68077	1	0	0	0	0	0	0	0	0
956	3.13229	0	7.83672	1	0	0	0	0	0	0	0	0
957	3.12919	0	8.07335	1	0	0	0	0	0	0	0	0
958	3.11746	0	8.05203	1	0	0	0	0	0	0	0	0
959	3.10208	0	8.00907	1	0	0	0	0	0	0	0	0
960	3.09648	0	8.11952	1	0	0	0	0	0	0	0	0
961	3.08497	0.75	8.1039	1	0	0	0	0	0	0	0	0
962	3.08141	0	8.21806	1	0	0	0	0	0	0	0	0
963	3.07074	0	8.28311	1	0	0	0	0	0	0	0	0
964	3.06866	0	8.49444	1	0	0	0	0	0	0	0	0
965	3.06085	-0.75	8.73149	1	0	0	0	0	0	0	0	0
966	3.05897	0	9.11433	1	0	0	0	0	0	0	0	0
967	3.05217	0	9.53305	1	0	0	0	0	0	0	0	0
968	3.0505	0	10.06461	1	0	0	0	0	0	0	0	0
969	3.0449	0	10.61405	1	0	0	0	0	0	0	0	0
970	3.0434	0	11.2191	1	0	0	0	0	0	0	0	0
971	3.03877	0	11.90238	1	0	0	0	0	0	0	0	0
972	3.03742	0	12.59126	1	0	0	0	0	0	0	0	0
973	3.03358	0	13.28	1	0	0	0	0	0	0	0	0
974	3.03238	0	13.92613	1	0	0	0	0	0	0	0	0
975	3.02919	0	14.50484	1	0	0	0	0	0	0	0	0
976	3.02811	0	14.94204	1	0	0	0	0	0	0	0	0
977	3.02545	0	15.30495	1	0	0	0	0	0	0	0	0
978	3.02448	0	15.55365	1	0	0	0	0	0	0	0	0
979	3.02225	0	15.76266	1	0	0	0	0	0	0	0	0
980	3.02799	0	15.82535	1	0	0	0	0	0	0	0	0
981	3.02699	0	15.92279	1	0	0	0	0	0	0	0	0
982	3.02976	0	15.91301	1	0	0	0	0	0	0	0	0
983	3.02859	0	16.08975	1	0	0	0	0	0	0	0	0
984	3.03046	0	16.1671	1	0	0	0	0	0	0	0	0
985	3.02274	0	16.48712	1	0	0	0	0	0	0	0	0
986	3.0218	0	16.65664	1	0	0	0	0	0	0	0	0
987	3.01819	0	17.01864	1	0	0	0	0	0	0	0	0
988	3.01744	0	17.07836	1	0	0	0	0	0	0	0	0
989	3.01455	0	17.2036	1	0	0	0	0	0	0	0	0
990	3.01395	0	16.98885	1	0	0	0	0	0	0	0	0
991	3.01164	0	16.7476	1	0	0	0	0	0	0	0	0
992	3.01116	0	16.14283	1	0	0	0	0	0	0	0	0
993	3.00931	0	15.59565	1	0	0	0	0	0	0	0	0
994	3.00893	0	14.89592	1	0	0	0	0	0	0	0	0
995	3.00745	0	14.2197	1	0	0	0	0	0	0	0	0
996	3.00714	0	13.48705	1	0	0	0	0	0	0	0	0
997	3.00596	0	12.82055	1	0	0	0	0	0	0	0	0
998	3.00663	0.75	12.08781	1	0	0	0	0	0	0	0	0
999	3.00655	0	11.41898	1	0	0	0	0	0	0	0	0
1000	3.0079	0	10.75902	1	0	0	0	0	0	0	0	0
1001	3.0086	0	10.2054	1	0	0	0	0	0	0	0	0
1002	3.01041	-0.75	9.70357	1	0	0	0	0	0	0	0	0
1003	3.01077	0	9.43725	1	0	0	0	0	0	0	0	0
1004	3.01217	0.5	9.26056	1	0	0	0	0	0	0	0	0
1005	3.02064	0.5	9.39771	0	0	0	0	0	0	0	0	0
1006	3.04286	0.5	7.4659	0	0	0	0	0	0	0	0	0
1007	3.1841	0.5	9.4915	0	0	0	0	0	0	0	0	0
1008	3.24242	0	9.5605	0	0	0	0	0	0	0	0	0
1009	3.27375	0	9.75	0	0	0	0	0	0	0	0	0
1010	3.28875	0	10.2625	0	0	0	0	0	0	0	0	0
1011	3.28125	-0.25	10.7375	0	0	0	0	0	0	0	0	0
1012	3.2475	-0.5	11.3625	0	0	0	0	0	0	0	0	0
1013	3.19875	-0.5	11.5875	0	0	0	0	0	0	0	0	0
1014	3.14438	-0.5	11.225	0	0	0	0	0	0	0	0	0
1015	3.08625	-0.25	10.725	0	0	0	0	0	0	0	0	0
1016	3.04125	0	9.9875	0	0	0	0	0	0	0	0	0
1017	3.01875	0	8.2875	0	0	0	0	0	0	0	0	0
1018	3.0075	0	7.1125	0	0	0	0	0	0	0	0	0
1019	2.97188	-0.5	6.2375	0	0	0	0	0	0	0	0	0
1020	2.91	-0.75	4.7875	0	0	0	0	0	0	0	0	0
1021	2.88	0	3.3125	0	0	0	0	0	0	0	0	0
1022	2.865	0	2.1375	0	0	0	0	0	0	0	0	0
1023	2.85562	0.5	0.65	0	0	0	0	0	0	0	0	0
1024	2.88	0.75	-1.2375	0	0	0	0	0	0	0	0	0
1025	2.925	-0.25	-2.8625	0	0	0	0	0	0	0	0	0
1026	2.9475	0	-4.3625	0	0	0	0	0	0	0	0	0
1027	2.89875	-1	-5.4375	0	0	0	0	0	0	0	0	0
1028	2.81625	-1	-6.9875	0	0	0	0	0	0	0	0	0
1029	2.715	-0.75	-8.6375	0	0	0	0	0	0	0	0	0
1030	2.6325	-0.75	-10.7625	0	0	0	0	0	0	0	0	0
1031	2.5275	0	-13	0	0	0	0	0	0	0	0	0
1032	2.505	0.5	-15.7625	0	0	0	0	0	0	0	0	0
1033	2.55375	1	-18.0375	0	0	0	0	0	0	0	0	0
1034	2.565	-0.5	-20.4	0	0	0	0	0	0	0	0	0
1035	2.53875	-0.25	-22.175	0	0	0	0	0	0	0	0	0
1036	2.50125	-1	-23.9875	0	0	0	0	0	0	0	0	0
1037	2.45437	-1	-25.65	0	0	0	0	0	0	0	0	0
1038	2.45422	-0.5	-25.34067	1	0	0	0	0	0	0	0	0
1039	2.29275	-0.25	-28.5675	0	0	0	0	0	0	0	0	0
1040	2.2095	0	-30.74	0	0	0	0	0	0	0	0	0
1041	2.18288	-0.25	-32.22	0	0	0	0	0	0	0	0	0
1042	2.15662	0.5	-33.1825	0	0	0	0	0	0	0	0	0
1043	2.16562	0.25	-33.5375	0	0	0	0	0	0	0	0	0
1044	2.19188	0.25	-33.225	0	0	0	0	0	0	0	0	0
1045	2.20688	-0.25	-32.9375	0	0	0	0	0	0	0	0	0
1046	2.1975	-0.25	-32.7875	0	0	0	0	0	0	0	0	0
1047	2.18062	-0.25	-33.775	0	0	0	0	0	0	0	0	0
1048	2.17125	0	-35.8625	0	0	0	0	0	0	0	0	0
1049	2.16563	0.25	-37.825	0	0	0	0	0	0	0	0	0
1050	2.16188	0	-39.0125	0	0	0	0	0	0	0	0	0
1051	2.175	0.25	-40.075	0	0	0	0	0	0	0	0	0
1052	2.17137	0	-39.52182	1	0	0	0	0	0	0	0	0
1053	2.17093	-0.25	-39.05818	1	0	0	0	0	0	0	0	0
1054	2.16902	0	-38.6287	1	0	0	0	0	0	0	0	0
1055	2.16763	-0.25	-38.14744	1	0	0	0	0	0	0	0	0
1056	2.16551	-0.25	-37.60097	1	0	0	0	0	0	0	0	0
1057	2.16431	0	-37.51996	1	0	0	0	0	0	0	0	0
1058	2.16288	0	-37.44581	1	0	0	0	0	0	0	0	0
1059	2.16139	0	-37.36969	1	0	0	0	0	0	0	0	0
1060	2.15984	0	-37.29453	1	0	0	0	0	0	0	0	0
1061	2.15833	0	-37.21545	1	0	0	0	0	0	0	0	0
1062	2.15683	0	-37.13511	1	0	0	0	0	0	0	0	0
1063	2.1554	0	-37.0529	1	0	0	0	0	0	0	0	0
1064	2.15401	0	-36.97487	1	0	0	0	0	0	0	0	0
1065	2.15268	0	-36.90163	1	0	0	0	0	0	0	0	0
1066	2.15141	0	-36.84031	1	0	0	0	0	0	0	0	0
1067	2.14975	0	-37.99083	1	0	0	0	0	0	0	0	0
1068	2.14808	0	-38.58393	1	0	0	0	0	0	0	0	0
1069	2.1464	0	-38.64843	1	0	0	0	0	0	0	0	0
1070	2.15548	0	-38.85469	1	0	0	0	0	0	0	0	0
1071	2.14684	0	-38.33601	1	0	0	0	0	0	0	0	0
1072	2.14631	0	-38.13334	1	0	0	0	0	0	0	0	0
1073	2.14231	0	-38.02236	1	0	0	0	0	0	0	0	0
1074	2.14061	0	-37.88254	1	0	0	0	0	0	0	0	0
1075	2.13611	0	-37.79029	1	0	0	0	0	0	0	0	0
1076	2.13248	0	-37.69148	1	0	0	0	0	0	0	0	0
1077	2.12889	0	-37.65474	1	0	0	0	0	0	0	0	0
1078	2.12599	0	-37.58857	1	0	0	0	0	0	0	0	0
1079	2.12311	0	-37.53232	1	0	0	0	0	0	0	0	0
1080	2.12079	0	-37.44656	1	0	0	0	0	0	0	0	0
1081	2.11849	0	-37.36809	1	0	0	0	0	0	0	0	0
1082	2.11663	0	-37.28204	1	0	0	0	0	0	0	0	0
1083	2.11479	0	-37.23337	1	0	0	0	0	0	0	0	0
1084	2.11331	0	-37.19626	1	0	0	0	0	0	0	0	0
1085	2.11183	0	-37.22908	1	0	0	0	0	0	0	0	0
1086	2.11064	0	-37.31015	1	0	0	0	0	0	0	0	0
1087	2.10947	0	-37.35032	1	0	0	0	0	0	0	0	0
1088	2.10852	0	-37.39991	1	0	0	0	0	0	0	0	0
1089	2.10757	0	-37.43846	1	0	0	0	0	0	0	0	0
1090	2.10681	0	-37.47438	1	0	0	0	0	0	0	0	0
1091	2.10606	0	-37.50925	1	0	0	0	0	0	0	0	0
1092	2.10515	-0.25	-37.58942	1	0	0	0	0	0	0	0	0
1093	2.10426	0	-37.65183	1	0	0	0	0	0	0	0	0
1094	2.10376	0.25	-37.72443	1	0	0	0	0	0	0	0	0
1095	2.10327	0	-37.77406	1	0	0	0	0	0	0	0	0
1096	2.10541	0.75	-37.48443	0	0	0	0	0	0	0	0	0
1097	2.11466	0	-37.36784	0	0	0	0	0	0	0	0	0
1098	2.19	0	-35.10241	0	0	0	0	0	0	0	0	0
1099	2.19	0	-35.05255	0	0	0	0	0	0	0	0	0
1100	2.19187	-0.5	-34.5875	0	0	0	0	0	0	0	0	0
1101	2.16187	0	-34.5625	0	0	0	0	0	0	0	0	0
1102	2.14687	-0.25	-34.85	0	0	0	0	0	0	0	0	0
1103	2.1375	0.25	-35.05	0	0	0	0	0	0	0	0	0
1104	2.14875	0.25	-34.9	0	0	0	0	0	0	0	0	0
1105	2.1675	0.25	-34.4625	0	0	0	0	0	0	0	0	0
1106	2.17875	0	-34.55	0	0	0	0	0	0	0	0	0
1107	2.19938	0	-34.075	0	0	0	0	0	0	0	0	0
1108	2.21063	0	-33.325	0	0	0	0	0	0	0	0	0
1109	2.21625	0	-32.4375	0	0	0	0	0	0	0	0	0
1110	2.20312	0	-32.4375	0	0	0	0	0	0	0	0	0
1111	2.2275	0.25	-32.1875	0	0	0	0	0	0	0	0	0
1112	2.25375	0.25	-31.9625	0	0	0	0	0	0	0	0	0
1113	2.26687	0	-31.85	0	0	0	0	0	0	0	0	0
1114	2.2725	0.25	-31.25	0	0	0	0	0	0	0	0	0
1115	2.29312	-0.25	-29.1125	0	0	0	0	0	0	0	0	0
1116	2.2725	-0.5	-25.75	0	0	0	0	0	0	0	0	0
1117	2.23125	-0.25	-22.675	0	0	0	0	0	0	0	0	0
1118	2.19563	-0.25	-20.7	0	0	0	0	0	0	0	0	0
1119	2.16375	-0.25	-20.1375	0	0	0	0	0	0	0	0	0
1120	2.115	-0.25	-19.625	0	0	0	0	0	0	0	0	0
1121	2.09063	0	-19.825	0	0	0	0	0	0	0	0	0
1122	2.07937	0	-21.4875	0	0	0	0	0	0	0	0	0
1123	2.07375	0	-22.275	0	0	0	0	0	0	0	0	0
1124	2.04	-0.25	-20.825	0	0	0	0	0	0	0	0	0
1125	1.995	-0.75	-19.2375	0	0	0	0	0	0	0	0	0
1126	1.9425	-0.5	-17.1125	0	0	0	0	0	0	0	0	0
1127	1.88625	-0.5	-12.95	0	0	0	0	0	0	0	0	0
1128	1.81125	-0.25	-8.1625	0	0	0	0	0	0	0	0	0
1129	1.75875	0	-4.325	0	0	0	0	0	0	0	0	0
1130	1.7475	0	-0.375	0	0	0	0	0	0	0	0	0
1131	1.74187	0	3.3	0	0	0	0	0	0	0	0	0
1132	1.73812	0.25	7.6125	0	0	0	0	0	0	0	0	0
1133	1.75312	0.25	11.7	0	0	0	0	0	0	0	0	0
1134	1.7775	0	15.575	0	0	0	0	0	0	0	0	0
1135	1.78875	0	18.7875	0	0	0	0	0	0	0	0	0
1136	1.80937	0.25	21.75	0	0	0	0	0	0	0	0	0
1137	1.83562	0.25	23.5	0	0	0	0	0	0	0	0	0
1138	1.83375	-0.25	22.5625	0	0	0	0	0	0	0	0	0
1139	1.86188	0.5	22.1625	0	0	0	0	0	0	0	0	0
1140	1.90688	0.25	22.0625	0	0	0	0	0	0	0	0	0
1141	1.94438	0.25	21.85	0	0	0	0	0	0	0	0	0
1142	1.96125	0.5	22.0125	0	0	0	0	0	0	0	0	0
1143	2.0025	-0.25	24.4125	0	0	0	0	0	0	0	0	0
1144	2.02312	0	26.0125	0	0	0	0	0	0	0	0	0
1145	2.0175	-0.25	26.7	0	0	0	0	0	0	0	0	0
1146	1.99875	0	27.175	0	0	0	0	0	0	0	0	0
1147	2.00625	0.25	26.025	0	0	0	0	0	0	0	0	0
1148	2.09812	1.25	25.0375	0	0	0	0	0	0	0	0	0
1149	2.20312	1.25	24.2125	0	0	0	0	0	0	0	0	0
1150	2.33062	1.25	23.6125	0	0	0	0	0	0	0	0	0
1151	2.47125	1	23.4125	0	0	0	0	0	0	0	0	0
1152	2.60625	-0.25	24.7875	0	0	0	0	0	0	0	0	0
1153	2.65687	0	26.175	0	0	0	0	0	0	0	0	0
1154	2.68312	0	27.975	0	0	0	0	0	0	0	0	0
1155	2.71125	0.25	29.9	0	0	0	0	0	0	0	0	0
1156	2.73938	0.25	31.7375	0	0	0	0	0	0	0	0	0
1157	2.74875	0	32.6125	0	0	0	0	0	0	0	0	0
1158	2.75437	0	32.375	0	0	0	0	0	0	0	0	0
1159	2.75812	-0.25	30.75	0	0	0	0	0	0	0	0	0
1160	2.745	-0.25	29.025	0	0	0	0	0	0	0	0	0
1161	2.7225	0	27.2125	0	0	0	0	0	0	0	0	0
1162	2.71125	0	26.7625	0	0	0	0	0	0	0	0	0
1163	2.69062	-0.25	26.4875	0	0	0	0	0	0	0	0	0
1164	2.66438	-0.25	28.0875	0	0	0	0	0	0	0	0	0
1165	2.62125	-0.5	29.2875	0	0	0	0	0	0	0	0	0
1166	2.58562	-0.25	29.475	0	0	0	0	0	0	0	0	0
1167	2.56687	0.25	28.4375	0	0	0	0	0	0	0	0	0
1168	2.5725	0.25	28.025	0	0	0	0	0	0	0	0	0
1169	2.58937	0.5	26.3375	0	0	0	0	0	0	0	0	0
1170	2.62875	0.25	24.8375	0	0	0	0	0	0	0	0	0
1171	2.66438	0	24.05	0	0	0	0	0	0	0	0	0
1172	2.68312	0	23.425	0	0	0	0	0	0	0	0	0
1173	2.6925	0	22.83	0	0	0	0	0	0	0	0	0
1174	2.69812	0	22.37475	0	0	0	0	0	0	0	0	0
1175	2.685	-0.25	22.98462	0	0	0	0	0	0	0	0	0
1176	2.6475	-0.5	24.07081	0	0	0	0	0	0	0	0	0
1177	2.59875	-0.5	25.72047	0	0	0	0	0	0	0	0	0
1178	2.54438	-0.5	27.5395	0	0	0	0	0	0	0	0	0
1179	2.55742	0	27.21502	1	0	0	0	0	0	0	0	0
1180	2.56271	0.25	27.20174	1	0	0	0	0	0	0	0	0
1181	2.57046	0.25	27.16468	1	0	0	0	0	0	0	0	0
1182	2.58328	0.25	26.84167	1	0	0	0	0	0	0	0	0
1183	2.60056	0	26.35324	1	0	0	0	0	0	0	0	0
1184	2.59893	-0.25	26.60282	1	0	0	0	0	0	0	0	0
1185	2.59764	0	26.88704	1	0	0	0	0	0	0	0	0
1186	2.5272	0.25	33.53435	0	0	0	0	0	0	0	0	0
1187	2.55753	0.25	36.68496	0	0	0	0	0	0	0	0	0
1188	2.58358	0.5	36.14702	0	0	0	0	0	0	0	0	0
1189	2.6118	0	34.80714	0	0	0	0	0	0	0	0	0
1190	2.62688	-0.25	32.1875	0	0	0	0	0	0	0	0	0
1191	2.61937	-0.25	27.65	0	0	0	0	0	0	0	0	0
1192	2.58562	-0.5	24.9625	0	0	0	0	0	0	0	0	0
1193	2.55375	0	23.2125	0	0	0	0	0	0	0	0	0
1194	2.55188	0.25	22.375	0	0	0	0	0	0	0	0	0
1195	2.565	0.25	23.3	0	0	0	0	0	0	0	0	0
1196	2.58562	0.5	26.025	0	0	0	0	0	0	0	0	0
1197	2.62688	0.25	26.7875	0	0	0	0	0	0	0	0	0
1198	2.66438	0	27.4	0	0	0	0	0	0	0	0	0
1199	2.69812	0.25	28.8875	0	0	0	0	0	0	0	0	0
1200	2.73	0.25	29.075	0	0	0	0	0	0	0	0	0
1201	2.76188	0.25	27.7	0	0	0	0	0	0	0	0	0
1202	2.79188	0.25	26.4625	0	0	0	0	0	0	0	0	0
1203	2.80688	-0.25	24.9	0	0	0	0	0	0	0	0	0
1204	2.81438	0	22.3125	0	0	0	0	0	0	0	0	0
1205	2.83312	0.25	19.975	0	0	0	0	0	0	0	0	0
1206	2.8425	0	19.45	0	0	0	0	0	0	0	0	0
1207	2.86125	0.5	20.3625	0	0	0	0	0	0	0	0	0
1208	2.90062	0.25	21.675	0	0	0	0	0	0	0	0	0
1209	2.95125	0.25	23.075	0	0	0	0	0	0	0	0	0
1210	2.97562	0.25	24.075	0	0	0	0	0	0	0	0	0
1211	2.97375	-0.5	24.0125	0	0	0	0	0	0	0	0	0
1212	3.03375	1	23.0625	0	0	0	0	0	0	0	0	0
1213	3.03375	-0.75	22.475	0	0	0	0	0	0	0	0	0
1214	2.98688	-0.5	22.35	0	0	0	0	0	0	0	0	0
1215	2.9775	0.75	21.6375	0	0	0	0	0	0	0	0	0
1216	2.9775	-1.5	21.2625	0	0	0	0	0	0	0	0	0
1217	2.96977	0	21.56887	1	0	0	0	0	0	0	0	0
1218	2.96559	0	21.50632	1	0	0	0	0	0	0	0	0
1219	2.96918	-0.75	21.43782	1	0	0	0	0	0	0	0	0
1220	2.97332	0	21.50584	1	0	0	0	0	0	0	0	0
1221	2.98589	0	21.58479	1	0	0	0	0	0	0	0	0
1222	2.97838	0	21.57124	1	0	0	0	0	0	0	0	0
1223	2.97233	0	21.55786	1	0	0	0	0	0	0	0	0
1224	2.96569	0	21.54712	1	0	0	0	0	0	0	0	0
1225	2.96059	0.25	21.51361	1	0	0	0	0	0	0	0	0
1226	2.95491	-0.25	21.50771	1	0	0	0	0	0	0	0	0
1227	2.95	0	21.50131	1	0	0	0	0	0	0	0	0
1228	2.94498	0	21.4948	1	0	0	0	0	0	0	0	0
1229	2.94058	-0.25	21.48841	1	0	0	0	0	0	0	0	0
1230	2.93585	0.25	21.50037	1	0	0	0	0	0	0	0	0
1231	2.93196	0	21.49376	1	0	0	0	0	0	0	0	0
1232	2.90105	0	21.39947	1	0	0	0	0	0	0	0	0
1233	2.86077	0	21.52499	1	0	0	0	0	0	0	0	0
1234	2.86525	0	21.07023	1	0	0	0	0	0	0	0	0
1235	2.85861	0	21.0684	1	0	0	0	0	0	0	0	0
1236	2.83919	0	21.36745	1	0	0	0	0	0	0	0	0
1237	2.82493	0	21.12099	1	0	0	0	0	0	0	0	0
1238	2.81809	0	20.98696	1	0	0	0	0	0	0	0	0
1239	2.79989	0	21.13208	1	0	0	0	0	0	0	0	0
1240	2.79442	0	21.1378	1	0	0	0	0	0	0	0	0
1241	2.77986	0	21.09162	1	0	0	0	0	0	0	0	0
1242	2.77549	0	21.07626	1	0	0	0	0	0	0	0	0
1243	2.76385	0	21.07313	1	0	0	0	0	0	0	0	0
1244	2.7625	0	20.94613	1	0	0	0	0	0	0	0	0
1245	2.75195	0	21.06409	1	0	0	0	0	0	0	0	0
1246	2.7488	0	21.05398	1	0	0	0	0	0	0	0	0
1247	2.74143	0	21.04585	1	0	0	0	0	0	0	0	0
1248	2.73891	0	21.03921	1	0	0	0	0	0	0	0	0
1249	2.73087	0	21.15702	1	0	0	0	0	0	0	0	0
1250	2.73113	0	21.03003	1	0	0	0	0	0	0	0	0
1251	2.7259	0	21.02505	1	0	0	0	0	0	0	0	0
1252	2.72364	0	21.02403	1	0	0	0	0	0	0	0	0
1253	2.72072	0	21.02004	1	0	0	0	0	0	0	0	0
1254	2.71891	0	21.01922	1	0	0	0	0	0	0	0	0
1255	2.71657	0	21.01603	1	0	0	0	0	0	0	0	0
1256	2.71513	0	21.01538	1	0	0	0	0	0	0	0	0
1257	2.71326	0	21.01283	1	0	0	0	0	0	0	0	0
1258	2.7121	0	21.0123	1	0	0	0	0	0	0	0	0
1259	2.71061	0	21.01026	1	0	0	0	0	0	0	0	0
1260	2.70968	0	21.00984	1	0	0	0	0	0	0	0	0
1261	2.70849	0	21.00821	1	0	0	0	0	0	0	0	0
1262	2.70775	0	21.00787	1	0	0	0	0	0	0	0	0
1263	2.70679	0	21.00657	1	0	0	0	0	0	0	0	0
1264	2.7062	0	21.0063	1	0	0	0	0	0	0	0	0
1265	2.70543	0	21.00525	1	0	0	0	0	0	0	0	0
1266	2.70496	0	21.00504	1	0	0	0	0	0	0	0	0
1267	2.70434	0	21.0042	1	0	0	0	0	0	0	0	0
1268	2.70397	0	21.00403	1	0	0	0	0	0	0	0	0
1269	2.70348	0	21.00336	1	0	0	0	0	0	0	0	0
1270	2.70317	0	21.00322	1	0	0	0	0	0	0	0	0
1271	2.70278	0	21.00269	1	0	0	0	0	0	0	0	0
1272	2.70254	0	21.00258	1	0	0	0	0	0	0	0	0
1273	2.70222	0	21.00215	1	0	0	0	0	0	0	0	0
1274	2.70203	0	21.00206	1	0	0	0	0	0	0	0	0
1275	2.70178	0	21.00172	1	0	0	0	0	0	0	0	0
1276	2.70162	0	21.00165	1	0	0	0	0	0	0	0	0
1277	2.70142	0	21.00138	1	0	0	0	0	0	0	0	0
1278	2.7013	0	21.00132	1	0	0	0	0	0	0	0	0
1279	2.70114	0	21.0011	1	0	0	0	0	0	0	0	0
1280	2.70104	0	21.00106	1	0	0	0	0	0	0	0	0
1281	2.70091	0	21.00088	1	0	0	0	0	0	0	0	0
1282	2.70083	0	21.00085	1	0	0	0	0	0	0	0	0
1283	2.70073	0	21.00071	1	0	0	0	0	0	0	0	0
1284	2.70067	0	21.00068	1	0	0	0	0	0	0	0	0
1285	2.70058	0	21.00056	1	0	0	0	0	0	0	0	0
1286	2.70053	0	21.00054	1	0	0	0	0	0	0	0	0
1287	2.70047	0	21.00045	1	0	0	0	0	0	0	0	0
1288	2.70043	0	21.00043	1	0	0	0	0	0	0	0	0
1289	2.70037	0	21.00036	1	0	0	0	0	0	0	0	0
1290	2.70034	0	21.00035	1	0	0	0	0	0	0	0	0
1291	2.7003	0	21.00029	1	0	0	0	0	0	0	0	0
1292	2.70027	0	21.00028	1	0	0	0	0	0	0	0	0
1293	2.70024	0	21.00023	1	0	0	0	0	0	0	0	0
1294	2.70022	0	21.00022	1	0	0	0	0	0	0	0	0
1295	2.70019	0	21.00018	1	0	0	0	0	0	0	0	0
1296	2.70017	0	21.00018	1	0	0	0	0	0	0	0	0
1297	2.70015	0	21.00015	1	0	0	0	0	0	0	0	0
1298	2.70014	0	21.00014	1	0	0	0	0	0	0	0	0
1299	2.70012	0	21.00012	1	0	0	0	0	0	0	0	0
1300	2.70011	0	21.00011	1	0	0	0	0	0	0	0	0
1301	2.7001	0	21.00009	1	0	0	0	0	0	0	0	0
1302	2.70009	0	21.00009	1	0	0	0	0	0	0	0	0
1303	2.70008	0	21.00008	1	0	0	0	0	0	0	0	0
1304	2.70007	0	21.00007	1	0	0	0	0	0	0	0	0
1305	2.70006	0	21.00006	1	0	0	0	0	0	0	0	0
1306	2.70006	0	21.00006	1	0	0	0	0	0	0	0	0
1307	2.70005	0	21.00005	1	0	0	0	0	0	0	0	0
1308	2.70005	0	21.00005	1	0	0	0	0	0	0	0	0
1309	2.70004	0	21.00004	1	0	0	0	0	0	0	0	0
1310	2.70004	0	21.00004	1	0	0	0	0	0	0	0	0
1311	2.70003	0	21.00003	1	0	0	0	0	0	0	0	0
1312	2.70003	0	21.00003	1	0	0	0	0	0	0	0	0
1313	2.70003	0	21.00002	1	0	0	0	0	0	0	0	0
1314	2.70002	0	21.00002	1	0	0	0	0	0	0	0	0
1315	2.70002	0	21.00002	1	0	0	0	0	0	0	0	0
1316	2.70002	0	21.00002	1	0	0	0	0	0	0	0	0
1317	2.70002	0	21.00002	1	0	0	0	0	0	0	0	0
1318	2.70001	0	21.00002	1	0	0	0	0	0	0	0	0
1319	2.69971	-0.25	20.98801	1	0	0	0	0	0	0	0	0
1320	2.69943	0	20.96261	1	0	0	0	0	0	0	0	0
1321	2.69891	0	20.91288	1	0	0	0	0	0	0	0	0
1322	2.70466	1	20.57259	0	0	0	0	0	0	0	0	0
1323	2.7274	1.25	19.95076	0	0	0	0	0	0	0	0	0
1324	2.9427	1	18.103	0	0	0	0	0	0	0	0	0
1325	3.0762	1.25	19.5355	0	0	0	0	0	0	0	0	0
1326	3.23625	0.5	20.15	0	0	0	0	0	0	0	0	0
1327	3.24188	-1.25	20.175	0	0	0	0	0	0	0	0	0
1328	3.17062	-1.25	19.575	0	0	0	0	0	0	0	0	0
1329	3.16823	-1.5	19.55166	1	0	0	0	0	0	0	0	0
1330	3.14036	-1.75	19.21203	1	0	0	0	0	0	0	0	0
1331	3.10668	0	19.00527	1	0	0	0	0	0	0	0	0
1332	3.08823	0	18.85259	1	0	0	0	0	0	0	0	0
1333	3.07037	0	18.77839	1	0	0	0	0	0	0	0	0
1334	3.0549	0	18.62883	1	0	0	0	0	0	0	0	0
1335	3.03784	0	18.50489	1	0	0	0	0	0	0	0	0
1336	3.02385	0	18.38263	1	0	0	0	0	0	0	0	0
1337	3.00906	0	18.27822	1	0	0	0	0	0	0	0	0
1338	2.99658	0	18.17576	1	0	0	0	0	0	0	0	0
1339	2.98375	0	18.08395	1	0	0	0	0	0	0	0	0
1340	2.97269	0	17.9877	1	0	0	0	0	0	0	0	0
1341	2.96153	0	17.90119	1	0	0	0	0	0	0	0	0
1342	2.95175	0	17.81336	1	0	0	0	0	0	0	0	0
1343	2.94202	0	17.73395	1	0	0	0	0	0	0	0	0
1344	2.98172	0	18.31764	1	0	0	0	0	0	0	0	0
1345	3.02919	0	18.15259	1	0	0	0	0	0	0	0	0
1346	2.95588	0	17.70091	1	0	0	0	0	0	0	0	0
1347	2.88543	0	17.05465	1	0	0	0	0	0	0	0	0
1348	2.89586	0	17.12252	1	0	0	0	0	0	0	0	0
1349	2.85307	0	16.60316	1	0	0	0	0	0	0	0	0
1350	2.80676	0	16.3799	1	0	0	0	0	0	0	0	0
1351	2.79246	0	16.11944	1	0	0	0	0	0	0	0	0
1352	2.75541	0	15.93899	1	0	0	0	0	0	0	0	0
1353	2.74397	0	15.74321	1	0	0	0	0	0	0	0	0
1354	2.71433	0	15.63949	1	0	0	0	0	0	0	0	0
1355	2.70517	0	15.46411	1	0	0	0	0	0	0	0	0
1356	2.68146	0	15.37765	1	0	0	0	0	0	0	0	0
1357	2.67414	0	15.23405	1	0	0	0	0	0	0	0	0
1358	2.65517	0	15.1474	1	0	0	0	0	0	0	0	0
1359	2.64931	0	14.98724	1	0	0	0	0	0	0	0	0
1360	2.63414	0	14.91792	1	0	0	0	0	0	0	0	0
1361	2.62945	0	14.78979	1	0	0	0	0	0	0	0	0
1362	2.61731	0	14.73434	1	0	0	0	0	0	0	0	0
1363	2.61356	0	14.63183	1	0	0	0	0	0	0	0	0
1364	2.60385	0	14.58747	1	0	0	0	0	0	0	0	0
1365	2.60085	0	14.50547	1	0	0	0	0	0	0	0	0
1366	2.59308	0	14.46998	1	0	0	0	0	0	0	0	0
1367	2.59068	0	14.40437	1	0	0	0	0	0	0	0	0
1368	2.58446	0	14.37598	1	0	0	0	0	0	0	0	0
1369	2.58254	0	14.3235	1	0	0	0	0	0	0	0	0
1370	2.57757	0	14.30079	1	0	0	0	0	0	0	0	0
1371	2.57603	0	14.2588	1	0	0	0	0	0	0	0	0
1372	2.57206	0	14.24063	1	0	0	0	0	0	0	0	0
1373	2.57083	0	14.20704	1	0	0	0	0	0	0	0	0
1374	2.56764	0	14.1925	1	0	0	0	0	0	0	0	0
1375	2.56666	0	14.16563	1	0	0	0	0	0	0	0	0
1376	2.56412	0	14.154	1	0	0	0	0	0	0	0	0
1377	2.56333	0	14.1325	1	0	0	0	0	0	0	0	0
1378	2.56129	0	14.1232	1	0	0	0	0	0	0	0	0
1379	2.56066	0	14.106	1	0	0	0	0	0	0	0	0
1380	2.55903	0	14.09856	1	0	0	0	0	0	0	0	0
1381	2.55853	0	14.0848	1	0	0	0	0	0	0	0	0
1382	2.55723	0	14.07885	1	0	0	0	0	0	0	0	0
1383	2.55682	0	14.06784	1	0	0	0	0	0	0	0	0
1384	2.55578	0	14.06308	1	0	0	0	0	0	0	0	0
1385	2.55546	0	14.05427	1	0	0	0	0	0	0	0	0
1386	2.55463	0	14.05046	1	0	0	0	0	0	0	0	0
1387	2.55437	0	14.04342	1	0	0	0	0	0	0	0	0
1388	2.5537	0	14.04037	1	0	0	0	0	0	0	0	0
1389	2.55349	0	14.03474	1	0	0	0	0	0	0	0	0
1390	2.55296	0	14.0323	1	0	0	0	0	0	0	0	0
1391	2.5528	0	14.02779	1	0	0	0	0	0	0	0	0
1392	2.55237	0	14.02584	1	0	0	0	0	0	0	0	0
1393	2.55224	0	14.02223	1	0	0	0	0	0	0	0	0
1394	2.55189	0	14.02067	1	0	0	0	0	0	0	0	0
1395	2.55179	0	14.01778	1	0	0	0	0	0	0	0	0
1396	2.55152	0	14.01654	1	0	0	0	0	0	0	0	0
1397	2.55143	0	14.01423	1	0	0	0	0	0	0	0	0
1398	2.55121	0	14.01323	1	0	0	0	0	0	0	0	0
1399	2.55114	0	14.01138	1	0	0	0	0	0	0	0	0
1400	2.55097	0	14.01058	1	0	0	0	0	0	0	0	0
1401	2.55092	0	14.00911	1	0	0	0	0	0	0	0	0
1402	2.55078	0	14.00847	1	0	0	0	0	0	0	0	0
1403	2.55073	0	14.00728	1	0	0	0	0	0	0	0	0
1404	2.55062	0	14.00677	1	0	0	0	0	0	0	0	0
1405	2.55059	0	14.00583	1	0	0	0	0	0	0	0	0
1406	2.5505	0	14.00542	1	0	0	0	0	0	0	0	0
1407	2.55047	0	14.00466	1	0	0	0	0	0	0	0	0
1408	2.5504	0	14.00433	1	0	0	0	0	0	0	0	0
1409	2.55038	0	14.00373	1	0	0	0	0	0	0	0	0
1410	2.55032	0	14.01547	1	0	0	0	0	0	0	0	0
1411	2.54818	-0.25	14.23018	0	0	0	0	0	0	0	0	0
1412	2.54139	-0.25	14.76846	0	0	0	0	0	0	0	0	0
1413	2.48626	-0.25	18.3651	0	0	0	0	0	0	0	0	0
1414	2.47313	0	19.29005	0	0	0	0	0	0	0	0	0
1415	2.47551	0.25	18.95852	1	0	0	0	0	0	0	0	0
1416	2.48074	0.25	18.59869	1	0	0	0	0	0	0	0	0
1417	2.48616	0	18.24537	1	0	0	0	0	0	0	0	0
1418	2.49427	0	17.78067	1	0	0	0	0	0	0	0	0
1419	2.50303	0	17.24237	1	0	0	0	0	0	0	0	0
1420	2.50406	0	17.20236	1	0	0	0	0	0	0	0	0
1421	2.50482	0.25	17.1769	1	0	0	0	0	0	0	0	0
1422	2.50639	0	17.14114	1	0	0	0	0	0	0	0	0
1423	2.50763	0	17.13308	1	0	0	0	0	0	0	0	0
1424	2.50933	0	17.14532	1	0	0	0	0	0	0	0	0
1425	2.51071	0	17.17616	1	0	0	0	0	0	0	0	0
1426	2.51235	0	17.22197	1	0	0	0	0	0	0	0	0
1427	2.51373	0	17.27523	1	0	0	0	0	0	0	0	0
1428	2.51526	0	17.33283	1	0	0	0	0	0	0	0	0
1429	2.51657	0	17.39088	1	0	0	0	0	0	0	0	0
1430	2.50641	0	18.60791	1	0	0	0	0	0	0	0	0
1431	2.49677	0	19.21207	1	0	0	0	0	0	0	0	0
1432	2.48783	0	19.65055	1	0	0	0	0	0	0	0	0
1433	2.4901	0	19.92925	1	0	0	0	0	0	0	0	0
1434	2.49241	0	19.77017	1	0	0	0	0	0	0	0	0
1435	2.49677	0	19.73819	1	0	0	0	0	0	0	0	0
1436	2.49889	0	19.81327	1	0	0	0	0	0	0	0	0
1437	2.50477	0	19.76481	1	0	0	0	0	0	0	0	0
1438	2.5066	0	19.83182	1	0	0	0	0	0	0	0	0
1439	2.51144	0	19.79965	1	0	0	0	0	0	0	0	0
1440	2.51302	0	19.90254	1	0	0	0	0	0	0	0	0
1441	2.51915	0	19.90872	1	0	0	0	0	0	0	0	0
1442	2.52041	0	20.0942	1	0	0	0	0	0	0	0	0
1443	2.52532	0	20.27221	1	0	0	0	0	0	0	0	0
1444	2.52633	0	20.4624	1	0	0	0	0	0	0	0	0
1445	2.53025	0	20.64848	1	0	0	0	0	0	0	0	0
1446	2.53106	0	20.7991	1	0	0	0	0	0	0	0	0
1447	2.5342	0	20.93216	1	0	0	0	0	0	0	0	0
1448	2.53485	0	21.03765	1	0	0	0	0	0	0	0	0
1449	2.53736	0	21.12984	1	0	0	0	0	0	0	0	0
1450	2.53788	0	21.21502	1	0	0	0	0	0	0	0	0
1451	2.53989	0	21.30387	1	0	0	0	0	0	0	0	0
1452	2.54031	0	21.37202	1	0	0	0	0	0	0	0	0
1453	2.54191	0	21.4431	1	0	0	0	0	0	0	0	0
1454	2.54224	0	21.49762	1	0	0	0	0	0	0	0	0
1455	2.54353	0	21.55448	1	0	0	0	0	0	0	0	0
1456	2.5438	0	21.59809	1	0	0	0	0	0	0	0	0
1457	2.54482	0	21.64358	1	0	0	0	0	0	0	0	0
1458	2.54504	0	21.67847	1	0	0	0	0	0	0	0	0
1459	2.54586	0	21.71487	1	0	0	0	0	0	0	0	0
1460	2.54603	0	21.74278	1	0	0	0	0	0	0	0	0
1461	2.54669	0	21.77189	1	0	0	0	0	0	0	0	0
1462	2.54682	0	21.79422	1	0	0	0	0	0	0	0	0
1463	2.54735	0	21.81751	1	0	0	0	0	0	0	0	0
1464	2.54746	0	21.83538	1	0	0	0	0	0	0	0	0
1465	2.54788	0	21.85401	1	0	0	0	0	0	0	0	0
1466	2.54797	0	21.8683	1	0	0	0	0	0	0	0	0
1467	2.5483	0	21.88321	1	0	0	0	0	0	0	0	0
1468	2.54837	0	21.89464	1	0	0	0	0	0	0	0	0
1469	2.54864	0	21.90657	1	0	0	0	0	0	0	0	0
1470	2.5487	0	21.91571	1	0	0	0	0	0	0	0	0
1471	2.54891	0	21.92525	1	0	0	0	0	0	0	0	0
1472	2.54896	0	21.93257	1	0	0	0	0	0	0	0	0
1473	2.54913	0	21.9402	1	0	0	0	0	0	0	0	0
1474	2.54917	0	21.94606	1	0	0	0	0	0	0	0	0
1475	2.54931	0	21.95216	1	0	0	0	0	0	0	0	0
1476	2.54933	0	21.95685	1	0	0	0	0	0	0	0	0
1477	2.54944	0	21.96173	1	0	0	0	0	0	0	0	0
1478	2.54947	0	21.96548	1	0	0	0	0	0	0	0	0
1479	2.54956	0	21.96938	1	0	0	0	0	0	0	0	0
1480	2.54957	0	21.97238	1	0	0	0	0	0	0	0	0
1481	2.54964	0	21.97551	1	0	0	0	0	0	0	0	0
1482	2.54966	0	21.9779	1	0	0	0	0	0	0	0	0
1483	2.54972	0	21.98041	1	0	0	0	0	0	0	0	0
1484	2.54973	0	21.98232	1	0	0	0	0	0	0	0	0
1485	2.54977	0	21.98432	1	0	0	0	0	0	0	0	0
1486	2.54978	0	21.98586	1	0	0	0	0	0	0	0	0
1487	2.54982	0	21.98746	1	0	0	0	0	0	0	0	0
1488	2.54983	0	21.98869	1	0	0	0	0	0	0	0	0
1489	2.54985	0	21.98997	1	0	0	0	0	0	0	0	0
1490	2.54986	0	21.99095	1	0	0	0	0	0	0	0	0
1491	2.54988	0	21.99197	1	0	0	0	0	0	0	0	0
1492	2.54989	0	21.99276	1	0	0	0	0	0	0	0	0
1493	2.54991	0	21.99358	1	0	0	0	0	0	0	0	0
1494	2.54991	0	21.99421	1	0	0	0	0	0	0	0	0
1495	2.54993	0	21.99486	1	0	0	0	0	0	0	0	0
1496	2.54993	0	21.99537	1	0	0	0	0	0	0	0	0
1497	2.54994	0	21.99589	1	0	0	0	0	0	0	0	0
1498	2.54994	0	21.99629	1	0	0	0	0	0	0	0	0
1499	2.54995	0	21.99671	1	0	0	0	0	0	0	0	0
1500	2.54995	0	21.99703	1	0	0	0	0	0	0	0	0
1501	2.54996	0	21.99737	1	0	0	0	0	0	0	0	0
1502	2.54996	0	21.99763	1	0	0	0	0	0	0	0	0
1503	2.54997	0	21.9979	1	0	0	0	0	0	0	0	0
1504	2.54997	0	21.9981	1	0	0	0	0	0	0	0	0
1505	2.54998	0	21.99832	1	0	0	0	0	0	0	0	0
1506	2.54998	0	21.99848	1	0	0	0	0	0	0	0	0
1507	2.54998	0	21.99865	1	0	0	0	0	0	0	0	0
1508	2.54998	0	21.99879	1	0	0	0	0	0	0	0	0
1509	2.54998	0	21.99892	1	0	0	0	0	0	0	0	0
1510	2.54998	0	21.99903	1	0	0	0	0	0	0	0	0
1511	2.54999	0	21.99914	1	0	0	0	0	0	0	0	0
1512	2.54999	0	21.99922	1	0	0	0	0	0	0	0	0
1513	2.54999	0	21.99931	1	0	0	0	0	0	0	0	0
1514	2.54999	0	21.99938	1	0	0	0	0	0	0	0	0
1515	2.54999	0	21.99945	1	0	0	0	0	0	0	0	0
1516	2.54999	0	21.9995	1	0	0	0	0	0	0	0	0
1517	2.54999	0	21.99956	1	0	0	0	0	0	0	0	0
1518	2.54999	0	21.9996	1	0	0	0	0	0	0	0	0
1519	2.54999	0	21.99965	1	0	0	0	0	0	0	0	0
1520	2.55	0	21.99968	1	0	0	0	0	0	0	0	0
1521	2.55	0	21.99972	1	0	0	0	0	0	0	0	0
1522	2.55	0	21.99975	1	0	0	0	0	0	0	0	0
1523	2.55	0	21.99977	1	0	0	0	0	0	0	0	0
1524	2.55	0	21.9998	1	0	0	0	0	0	0	0	0
1525	2.55	0	21.99982	1	0	0	0	0	0	0	0	0
1526	2.55	0	21.99984	1	0	0	0	0	0	0	0	0
1527	2.55	0	21.99986	1	0	0	0	0	0	0	0	0
1528	2.55	0	21.99987	1	0	0	0	0	0	0	0	0
1529	2.55	0	21.99988	1	0	0	0	0	0	0	0	0
1530	2.55	0	21.9999	1	0	0	0	0	0	0	0	0
1531	2.55	0	21.99991	1	0	0	0	0	0	0	0	0
1532	2.55	0	21.99992	1	0	0	0	0	0	0	0	0
1533	2.55	0	21.99993	1	0	0	0	0	0	0	0	0
1534	2.55	0	21.99993	1	0	0	0	0	0	0	0	0
1535	2.55	0	21.99994	1	0	0	0	0	0	0	0	0
1536	2.55	0	21.99995	1	0	0	0	0	0	0	0	0
1537	2.55	0	21.99995	1	0	0	0	0	0	0	0	0
1538	2.55	0	21.99996	1	0	0	0	0	0	0	0	0
1539	2.55	0	21.99996	1	0	0	0	0	0	0	0	0
1540	2.55	0	21.99997	1	0	0	0	0	0	0	0	0
1541	2.55	0	21.99997	1	0	0	0	0	0	0	0	0
1542	2.55	0	21.99997	1	0	0	0	0	0	0	0	0
1543	2.55	0	21.99998	1	0	0	0	0	0	0	0	0
1544	2.55	0	21.99998	1	0	0	0	0	0	0	0	0
1545	2.55	0	21.99998	1	0	0	0	0	0	0	0	0
1546	2.55	0	21.99998	1	0	0	0	0	0	0	0	0
1547	2.55	0	21.99998	1	0	0	0	0	0	0	0	0
1548	2.55	0	21.99999	1	0	0	0	0	0	0	0	0
1549	2.55	0	21.99999	1	0	0	0	0	0	0	0	0
1550	2.55	0	21.99999	1	0	0	0	0	0	0	0	0
1551	2.55	0	21.99999	1	0	0	0	0	0	0	0	0
1552	2.55	0	21.99999	1	0	0	0	0	0	0	0	0
1553	2.55	0	21.99999	1	0	0	0	0	0	0	0	0
1554	2.55	0	21.99999	1	0	0	0	0	0	0	0	0
1555	2.55	0	21.99999	1	0	0	0	0	0	0	0	0
1556	2.55	0	21.99999	1	0	0	0	0	0	0	0	0
1557	2.55	0	21.99999	1	0	0	0	0	0	0	0	0
1558	2.55	0	22	1	0	0	0	0	0	0	0	0
1559	2.55	0	22	1	0	0	0	0	0	0	0	0
1560	2.55	0	22	1	0	0	0	0	0	0	0	0
1561	2.55	0	22	1	0	0	0	0	0	0	0	0
1562	2.55	0	22	1	0	0	0	0	0	0	0	0
1563	2.55	0	22	1	0	0	0	0	0	0	0	0
1564	2.55	0	22	1	0	0	0	0	0	0	0	0
1565	2.55	0	22	1	0	0	0	0	0	0	0	0
1566	2.55	0	22	1	0	0	0	0	0	0	0	0
1567	2.55	0	22	1	0	0	0	0	0	0	0	0
1568	2.55	0	22	1	0	0	0	0	0	0	0	0
1569	2.55	0	22	1	0	0	0	0	0	0	0	0
1570	2.55	0	22	1	0	0	0	0	0	0	0	0
1571	2.55	0	22	1	0	0	0	0	0	0	0	0
1572	2.55	0	22	1	0	0	0	0	0	0	0	0
1573	2.55	0	22	1	0	0	0	0	0	0	0	0
1574	2.55	0	22	1	0	0	0	0	0	0	0	0
1575	2.55	0	22	1	0	0	0	0	0	0	0	0
1576	2.55	0	22	1	0	0	0	0	0	0	0	0
1577	2.55	0	22	1	0	0	0	0	0	0	0	0
1578	2.55	0	22	1	0	0	0	0	0	0	0	0
1579	2.55	0	22	1	0	0	0	0	0	0	0	0
1580	2.55	0	22	1	0	0	0	0	0	0	0	0
1581	2.55	0	22	1	0	0	0	0	0	0	0	0
1582	2.55	0	22	1	0	0	0	0	0	0	0	0
1583	2.55	0	22	1	0	0	0	0	0	0	0	0
1584	2.55	0	22	1	0	0	0	0	0	0	0	0
1585	2.55	0	22	1	0	0	0	0	0	0	0	0
1586	2.55	0	22	1	0	0	0	0	0	0	0	0
1587	2.55	0	22	1	0	0	0	0	0	0	0	0
1588	2.55	0	22	1	0	0	0	0	0	0	0	0
1589	2.55	0	22	1	0	0	0	0	0	0	0	0
1590	2.55	0	22	1	0	0	0	0	0	0	0	0
1591	2.55	0	22	1	0	0	0	0	0	0	0	0
1592	2.55	0	22	1	0	0	0	0	0	0	0	0
1593	2.55	0	22	1	0	0	0	0	0	0	0	0
1594	2.55	0	22	1	0	0	0	0	0	0	0	0
1595	2.55	0	22	1	0	0	0	0	0	0	0	0
1596	0	0	0	0	0	0	0	0	0	0	0	0
1597	0	0	0	0	0	0	0	0	0	0	0	0
1598	0	0	0	0	0	0	0	0	0	0	0	0
1599	0	0	0	0	0	0	0	0	0	0	0	0
1600	0	0	0	0	0	0	0	0	0	0	0	0
1601	0	0	0	0	0	0	0	0	0	0	0	0
1602	0	0	0	0	0	0	0	0	0	0	0	0
1603	0	0	0	0	0	0	0	0	0	0	0	0
1604	0	0	0	0	0	0	0	0	0	0	0	0
1605	0	0	0	0	0	0	0	0	0	0	0	0
1606	0	0	0	0	0	0	0	0	0	0	0	0
1607	0	0	0	0	0	0	0	0	0	0	0	0
1608	0	0	0	0	0	0	0	0	0	0	0	0
1609	0	0	0	0	0	0	0	0	0	0	0	0
1610	0	0	0	0	0	0	0	0	0	0	0	0
1611	0	0	0	0	0	0	0	0	0	0	0	0
1612	0	0	0	0	0	0	0	0	0	0	0	0
1613	0	0	0	0	0	0	0	0	0	0	0	0
1614	0	0	0	0	0	0	0	0	0	0	0	0
1615	0	0	0	0	0	0	0	0	0	0	0	0
1616	0	0	0	0	0	0	0	0	0	0	0	0
1617	0	0	0	0	0	0	0	0	0	0	0	0
1618	0	0	0	0	0	0	0	0	0	0	0	0
1619	0	0	0	0	0	0	0	0	0	0	0	0
1620	0	0	0	0	0	0	0	0	0	0	0	0
1621	0	0	0	0	0	0	0	0	0	0	0	0
1622	0	0	0	0	0	0	0	0	0	0	0	0
1623	0	0	0	0	0	0	0	0	0	0	0	0
1624	0	0	0	0	0	0	0	0	0	0	0	0
1625	0	0	0	0	0	0	0	0	0	0	0	0
1626	0	0	0	0	0	0	0	0	0	0	0	0
1627	0	0	0	0	0	0	0	0	0	0	0	0
1628	0	0	0	0	0	0	0	0	0	0	0	0
1629	0	0	0	0	0	0	0	0	0	0	0	0
1630	0	0	0	0	0	0	0	0	0	0	0	0
1631	0	0	0	0	0	0	0	0	0	0	0	0
1632	0	0	0	0	0	0	0	0	0	0	0	0
1633	0	0	0	0	0	0	0	0	0	0	0	0
1634	0	0	0	0	0	0	0	0	0	0	0	0
1635	0	0	0	0	0	0	0	0	0	0	0	0
1636	0	0	0	0	0	0	0	0	0	0	0	0
1637	0	0	0	0	0	0	0	0	0	0	0	0
1638	0	0	0	0	0	0	0	0	0	0	0	0
1639	0	0	0	0	0	0	0	0	0	0	0	0
1640	0	0	0	0	0	0	0	0	0	0	0	0
1641	0	0	0	0	0	0	0	0	0	0	0	0
1642	0	0	0	0	0	0	0	0	0	0	0	0
1643	0	0	0	0	0	0	0	0	0	0	0	0
1644	0	0	0	0	0	0	0	0	0	0	0	0
1645	0	0	0	0	0	0	0	0	0	0	0	0
1646	0	0	0	0	0	0	0	0	0	0	0	0
1647	0	0	0	0	0	0	0	0	0	0	0	0
1648	0	0	0	0	0	0	0	0	0	0	0	0
1649	0	0	0	0	0	0	0	0	0	0	0	0
1650	0	0	0	0	0	0	0	0	0	0	0	0
1651	0	0	0	0	0	0	0	0	0	0	0	0
1652	0	0	0	0	0	0	0	0	0	0	0	0
1653	0	0	0	0	0	0	0	0	0	0	0	0
1654	0	0	0	0	0	0	0	0	0	0	0	0
1655	0	0	0	0	0	0	0	0	0	0	0	0
1656	0	0	0	0	0	0	0	0	0	0	0	0
1657	0	0	0	0	0	0	0	0	0	0	0	0
1658	0	0	0	0	0	0	0	0	0	0	0	0
1659	0	0	0	0	0	0	0	0	0	0	0	0
1660	0	0	0	0	0	0	0	0	0	0	0	0
1661	0	0	0	0	0	0	0	0	0	0	0	0
1662	0	0	0	0	0	0	0	0	0	0	0	0
1663	0	0	0	0	0	0	0	0	0	0	0	0
1664	0	0	0	0	0	0	0	0	0	0	0	0
1665	0	0	0	0	0	0	0	0	0	0	0	0
1666	0	0	0	0	0	0	0	0	0	0	0	0
1667	0	0	0	0	0	0	0	0	0	0	0	0
1668	0	0	0	0	0	0	0	0	0	0	0	0
1669	0	0	0	0	0	0	0	0	0	0	0	0
1670	0	0	0	0	0	0	0	0	0	0	0	0
1671	0	0	0	0	0	0	0	0	0	0	0	0
1672	0	0	0	0	0	0	0	0	0	0	0	0
1673	0	0	0	0	0	0	0	0	0	0	0	0
1674	0	0	0	0	0	0	0	0	0	0	0	0
1675	0	0	0	0	0	0	0	0	0	0	0	0
1676	0	0	0	0	0	0	0	0	0	0	0	0
1677	0	0	0	0	0	0	0	0	0	0	0	0
1678	0	0	0	0	0	0	0	0	0	0	0	0
1679	0	0	0	0	0	0	0	0	0	0	0	0
1680	0	0	0	0	0	0	0	0	0	0	0	0
1681	0	0	0	0	0	0	0	0	0	0	0	0
1682	0	0	0	0	0	0	0	0	0	0	0	0
1683	0	0	0	0	0	0	0	0	0	0	0	0
1684	0	0	0	0	0	0	0	0	0	0	0	0
1685	0	0	0	0	0	0	0	0	0	0	0	0
1686	0	0	0	0	0	0	0	0	0	0	0	0
1687	0	0	0	0	0	0	0	0	0	0	0	0
1688	0	0	0	0	0	0	0	0	0	0	0	0
1689	0	0	0	0	0	0	0	0	0	0	0	0
1690	0	0	0	0	0	0	0	0	0	0	0	0
1691	0	0	0	0	0	0	0	0	0	0	0	0
1692	0	0	0	0	0	0	0	0	0	0	0	0
1693	0	0	0	0	0	0	0	0	0	0	0	0
1694	0	0	0	0	0	0	0	0	0	0	0	0
1695	0	0	0	0	0	0	0	0	0	0	0	0
1696	0	0	0	0	0	0	0	0	0	0	0	0
1697	0	0	0	0	0	0	0	0	0	0	0	0
1698	0	0	0	0	0	0	0	0	0	0	0	0
1699	0	0	0	0	0	0	0	0	0	0	0	0
1700	0	0	0	0	0	0	0	0	0	0	0	0
1701	0	0	0	0	0	0	0	0	0	0	0	0
1702	0	0	0	0	0	0	0	0	0	0	0	0
1703	0	0	0	0	0	0	0	0	0	0	0	0
1704	0	0	0	0	0	0	0	0	0	0	0	0
1705	0	0	0	0	0	0	0	0	0	0	0	0
1706	0	0	0	0	0	0	0	0	0	0	0	0
1707	0	0	0	0	0	0	0	0	0	0	0	0
1708	0	0	0	0	0	0	0	0	0	0	0	0
1709	0	0	0	0	0	0	0	0	0	0	0	0
1710	0	0	0	0	0	0	0	0	0	0	0	0
1711	0	0	0	0	0	0	0	0	0	0	0	0
1712	0	0	0	0	0	0	0	0	0	0	0	0
1713	0	0	0	0	0	0	0	0	0	0	0	0
1714	0	0	0	0	0	0	0	0	0	0	0	0
1715	0	0	0	0	0	0	0	0	0	0	0	0
1716	0	0	0	0	0	0	0	0	0	0	0	0
1717	0	0	0	0	0	0	0	0	0	0	0	0
1718	0	0	0	0	0	0	0	0	0	0	0	0
1719	0	0	0	0	0	0	0	0	0	0	0	0
1720	0	0	0	0	0	0	0	0	0	0	0	0
1721	0	0	0	0	0	0	0	0	0	0	0	0
1722	0	0	0	0	0	0	0	0	0	0	0	0
1723	0	0	0	0	0	0	0	0	0	0	0	0
1724	0	0	0	0	0	0	0	0	0	0	0	0
1725	0	0	0	0	0	0	0	0	0	0	0	0
1726	0	0	0	0	0	0	0	0	0	0	0	0
1727	0	0	0	0	0	0	0	0	0	0	0	0
1728	0	0	0	0	0	0	0	0	0	0	0	0
1729	0	0	0	0	0	0	0	0	0	0	0	0
1730	0	0	0	0	0	0	0	0	0	0	0	0
1731	0	0	0	0	0	0	0	0	0	0	0	0
1732	0	0	0	0	0	0	0	0	0	0	0	0
1733	0	0	0	0	0	0	0	0	0	0	0	0
1734	0	0	0	0	0	0	0	0	0	0	0	0
1735	0	0	0	0	0	0	0	0	0	0	0	0
1736	0	0	0	0	0	0	0	0	0	0	0	0
1737	0	0	0	0	0	0	0	0	0	0	0	0
1738	0	0	0	0	0	0	0	0	0	0	0	0
1739	0	0	0	0	0	0	0	0	0	0	0	0
1740	0	0	0	0	0	0	0	0	0	0	0	0
1741	0	0	0	0	0	0	0	0	0	0	0	0
1742	0	0	0	0	0	0	0	0	0	0	0	0
1743	0	0	0	0	0	0	0	0	0	0	0	0
1744	0	0	0	0	0	0	0	0	0	0	0	0
1745	0	0	0	0	0	0	0	0	0	0	0	0
1746	0	0	0	0	0	0	0	0	0	0	0	0
1747	0	0	0	0	0	0	0	0	0	0	0	0
1748	0	0	0	0	0	0	0	0	0	0	0	0
1749	0	0	0	0	0	0	0	0	0	0	0	0
1750	0	0	0	0	0	0	0	0	0	0	0	0
1751	0	0	0	0	0	0	0	0	0	0	0	0
1752	0	0	0	0	0	0	0	0	0	0	0	0
1753	0	0	0	0	0	0	0	0	0	0	0	0
1754	0	0	0	0	0	0	0	0	0	0	0	0
1755	0	0	0	0	0	0	0	0	0	0	0	0
1756	0	0	0	0	0	0	0	0	0	0	0	0
1757	0	0	0	0	0	0	0	0	0	0	0	0
1758	0	0	0	0	0	0	0	0	0	0	0	0
1759	0	0	0	0	0	0	0	0	0	0	0	0
1760	0	0	0	0	0	0	0	0	0	0	0	0
1761	0	0	0	0	0	0	0	0	0	0	0	0
1762	0	0	0	0	0	0	0	0	0	0	0	0
1763	0	0	0	0	0	0	0	0	0	0	0	0
1764	0	0	0	0	0	0	0	0	0	0	0	0
1765	0	0	0	0	0	0	0	0	0	0	0	0
1766	0	0	0	0	0	0	0	0	0	0	0	0
1767	0	0	0	0	0	0	0	0	0	0	0	0
1768	0	0	0	0	0	0	0	0	0	0	0	0
1769	0	0	0	0	0	0	0	0	0	0	0	0
1770	0	0	0	0	0	0	0	0	0	0	0	0
1771	0	0	0	0	0	0	0	0	0	0	0	0
1772	0	0	0	0	0	0	0	0	0	0	0	0
1773	0	0	0	0	0	0	0	0	0	0	0	0
1774	0	0	0	0	0	0	0	0	0	0	0	0
1775	0	0	0	0	0	0	0	0	0	0	0	0
1776	0	0	0	0	0	0	0	0	0	0	0	0
1777	0	0	0	0	0	0	0	0	0	0	0	0
1778	0	0	0	0	0	0	0	0	0	0	0	0
1779	0	0	0	0	0	0	0	0	0	0	0	0
1780	0	0	0	0	0	0	0	0	0	0	0	0
1781	0	0	0	0	0	0	0	0	0	0	0	0
1782	0	0	0	0	0	0	0	0	0	0	0	0
1783	0	0	0	0	0	0	0	0	0	0	0	0
1784	0	0	0	0	0	0	0	0	0	0	0	0
1785	0	0	0	0	0	0	0	0	0	0	0	0
1786	0	0	0	0	0	0	0	0	0	0	0	0
1787	0	0	0	0	0	0	0	0	0	0	0	0
1788	0	0	0	0	0	0	0	0	0	0	0	0
1789	0	0	0	0	0	0	0	0	0	0	0	0
1790	0	0	0	0	0	0	0	0	0	0	0	0
1791	0	0	0	0	0	0	0	0	0	0	0	0
1792	0	0	0	0	0	0	0	0	0	0	0	0
1793	0	0	0	0	0	0	0	0	0	0	0	0
1794	0	0	0	0	0	0	0	0	0	0	0	0
1795	0	0	0	0	0	0	0	0	0	0	0	0
1796	0	0	0	0	0	0	0	0	0	0	0	0
1797	0	0	0	0	0	0	0	0	0	0	0	0
1798	0	0	0	0	0	0	0	0	0	0	0	0
1799	0	0	0	0	0	0	0	0	0	0	0	0
1800	0	0	0	0	0	0	0	0	0	0	0	0
1801	0	0	0	0	0	0	0	0	0	0	0	0
1802	0	0	0	0	0	0	0	0	0	0	0	0
1803	0	0	0	0	0	0	0	0	0	0	0	0
1804	0	0	0	0	0	0	0	0	0	0	0	0
1805	0	0	0	0	0	0	0	0	0	0	0	0
1806	0	0	0	0	0	0	0	0	0	0	0	0
1807	0	0	0	0	0	0	0	0	0	0	0	0
1808	0	0	0	0	0	0	0	0	0	0	0	0
1809	0	0	0	0	0	0	0	0	0	0	0	0
1810	0	0	0	0	0	0	0	0	0	0	0	0
1811	0	0	0	0	0	0	0	0	0	0	0	0
1812	0	0	0	0	0	0	0	0	0	0	0	0
1813	0	0	0	0	0	0	0	0	0	0	0	0
1814	0	0	0	0	0	0	0	0	0	0	0	0
1815	0	0	0	0	0	0	0	0	0	0	0	0
1816	0	0	0	0	0	0	0	0	0	0	0	0
1817	0	0	0	0	0	0	0	0	0	0	0	0
1818	0	0	0	0	0	0	0	0	0	0	0	0
1819	0	0	0	0	0	0	0	0	0	0	0	0
1820	0	0	0	0	0	0	0	0	0	0	0	0
1821	0	0	0	0	0	0	0	0	0	0	0	0
1822	0	0	0	0	0	0	0	0	0	0	0	0
1823	0	0	0	0	0	0	0	0	0	0	0	0
1824	0	0	0	0	0	0	0	0	0	0	0	0
1825	0	0	0	0	0	0	0	0	0	0	0	0
1826	0	0	0	0	0	0	0	0	0	0	0	0
1827	0	0	0	0	0	0	0	0	0	0	0	0
1828	0	0	0	0	0	0	0	0	0	0	0	0
1829	0	0	0	0	0	0	0	0	0	0	0	0
1830	0	0	0	0	0	0	0	0	0	0	0	0
1831	0	0	0	0	0	0	0	0	0	0	0	0
1832	0	0	0	0	0	0	0	0	0	0	0	0
1833	0	0	0	0	0	0	0	0	0	0	0	0
1834	0	0	0	0	0	0	0	0	0	0	0	0
1835	0	0	0	0	0	0	0	0	0	0	0	0
1836	0	0	0	0	0	0	0	0	0	0	0	0
1837	0	0	0	0	0	0	0	0	0	0	0	0
1838	0	0	0	0	0	0	0	0	0	0	0	0
1839	0	0	0	0	0	0	0	0	0	0	0	0
1840	0	0	0	0	0	0	0	0	0	0	0	0
1841	0	0	0	0	0	0	0	0	0	0	0	0
1842	0	0	0	0	0	0	0	0	0	0	0	0
1843	0	0	0	0	0	0	0	0	0	0	0	0
1844	0	0	0	0	0	0	0	0	0	0	0	0
1845	0	0	0	0	0	0	0	0	0	0	0	0
1846	0	0	0	0	0	0	0	0	0	0	0	0
1847	0	0	0	0	0	0	0	0	0	0	0	0
1848	0	0	0	0	0	0	0	0	0	0	0	0
1849	0	0	0	0	0	0	0	0	0	0	0	0
1850	0	0	0	0	0	0	0	0	0	0	0	0
1851	0	0	0	0	0	0	0	0	0	0	0	0
1852	0	0	0	0	0	0	0	0	0	0	0	0
1853	0	0	0	0	0	0	0	0	0	0	0	0
1854	0	0	0	0	0	0	0	0	0	0	0	0
1855	0	0	0	0	0	0	0	0	0	0	0	0
1856	0	0	0	0	0	0	0	0	0	0	0	0
1857	0	0	0	0	0	0	0	0	0	0	0	0
1858	0	0	0	0	0	0	0	0	0	0	0	0
1859	0	0	0	0	0	0	0	0	0	0	0	0
1860	0	0	0	0	0	0	0	0	0	0	0	0
1861	0	0	0	0	0	0	0	0	0	0	0	0
1862	0	0	0	0	0	0	0	0	0	0	0	0
1863	0	0	0	0	0	0	0	0	0	0	0	0
1864	0	0	0	0	0	0	0	0	0	0	0	0
1865	0	0	0	0	0	0	0	0	0	0	0	0
1866	0	0	0	0	0	0	0	0	0	0	0	0
1867	0	0	0	0	0	0	0	0	0	0	0	0
1868	0	0	0	0	0	0	0	0	0	0	0	0
1869	0	0	0	0	0	0	0	0	0	0	0	0
1870	0	0	0	0	0	0	0	0	0	0	0	0
1871	0	0	0	0	0	0	0	0	0	0	0	0
1872	0	0	0	0	0	0	0	0	0	0	0	0
1873	0	0	0	0	0	0	0	0	0	0	0	0
1874	0	0	0	0	0	0	0	0	0	0	0	0
1875	0	0	0	0	0	0	0	0	0	0	0	0
1876	0	0	0	0	0	0	0	0	0	0	0	0
1877	0	0	0	0	0	0	0	0	0	0	0	0
1878	0	0	0	0	0	0	0	0	0	0	0	0
1879	0	0	0	0	0	0	0	0	0	0	0	0
1880	0	0	0	0	0	0	0	0	0	0	0	0
1881	0	0	0	0	0	0	0	0	0	0	0	0
1882	0	0	0	0	0	0	0	0	0	0	0	0
1883	0	0	0	0	0	0	0	0	0	0	0	0
1884	0	0	0	0	0	0	0	0	0	0	0	0
1885	0	0	0	0	0	0	0	0	0	0	0	0
1886	0	0	0	0	0	0	0	0	0	0	0	0
1887	0	0	0	0	0	0	0	0	0	0	0	0
1888	0	0	0	0	0	0	0	0	0	0	0	0
1889	0	0	0	0	0	0	0	0	0	0	0	0
1890	0	0	0	0	0	0	0	0	0	0	0	0
1891	0	0	0	0	0	0	0	0	0	0	0	0
1892	0	0	0	0	0	0	0	0	0	0	0	0
1893	0	0	0	0	0	0	0	0	0	0	0	0
1894	0	0	0	0	0	0	0	0	0	0	0	0
1895	0	0	0	0	0	0	0	0	0	0	0	0
1896	0	0	0	0	0	0	0	0	0	0	0	0
1897	0	0	0	0	0	0	0	0	0	0	0	0
1898	0	0	0	0	0	0	0	0	0	0	0	0
1899	0	0	0	0	0	0	0	0	0	0	0	0
1900	0	0	0	0	0	0	0	0	0	0	0	0
1901	0	0	0	0	0	0	0	0	0	0	0	0
1902	0	0	0	0	0	0	0	0	0	0	0	0
1903	0	0	0	0	0	0	0	0	0	0	0	0
1904	0	0	0	0	0	0	0	0	0	0	0	0
1905	0	0	0	0	0	0	0	0	0	0	0	0
1906	0	0	0	0	0	0	0	0	0	0	0	0
1907	0	0	0	0	0	0	0	0	0	0	0	0
1908	0	0	0	0	0	0	0	0	0	0	0	0
1909	0	0	0	0	0	0	0	0	0	0	0	0
1910	0	0	0	0	0	0	0	0	0	0	0	0
1911	0	0	0	0	0	0	0	0	0	0	0	0
1912	0	0	0	0	0	0	0	0	0	0	0	0
1913	0	0	0	0	0	0	0	0	0	0	0	0
1914	0	0	0	0	0	0	0	0	0	0	0	0
1915	0	0	0	0	0	0	0	0	0	0	0	0
1916	0	0	0	0	0	0	0	0	0	0	0	0
1917	0	0	0	0	0	0	0	0	0	0	0	0
1918	0	0	0	0	0	0	0	0	0	0	0	0
1919	0	0	0	0	0	0	0	0	0	0	0	0
1920	0	0	0	0	0	0	0	0	0	0	0	0
1921	0	0	0	0	0	0	0	0	0	0	0	0
1922	0	0	0	0	0	0	0	0	0	0	0	0
1923	0	0	0	0	0	0	0	0	0	0	0	0
1924	0	0	0	0	0	0	0	0	0	0	0	0
1925	0	0	0	0	0	0	0	0	0	0	0	0
1926	0	0	0	0	0	0	0	0	0	0	0	0
1927	0	0	0	0	0	0	0	0	0	0	0	0
1928	0	0	0	0	0	0	0	0	0	0	0	0
1929	0	0	0	0	0	0	0	0	0	0	0	0
1930	0	0	0	0	0	0	0	0	0	0	0	0
1931	0	0	0	0	0	0	0	0	0	0	0	0
1932	0	0	0	0	0	0	0	0	0	0	0	0
1933	0	0	0	0	0	0	0	0	0	0	0	0
1934	0	0	0	0	0	0	0	0	0	0	0	0
1935	0	0	0	0	0	0	0	0	0	0	0	0
1936	0	0	0	0	0	0	0	0	0	0	0	0
1937	0	0	0	0	0	0	0	0	0	0	0	0
1938	0	0	0	0	0	0	0	0	0	0	0	0
1939	0	0	0	0	0	0	0	0	0	0	0	0
1940	0	0	0	0	0	0	0	0	0	0	0	0
1941	0	0	0	0	0	0	0	0	0	0	0	0
1942	0	0	0	0	0	0	0	0	0	0	0	0
1943	0	0	0	0	0	0	0	0	0	0	0	0
1944	0	0	0	0	0	0	0	0	0	0	0	0
1945	0	0	0	0	0	0	0	0	0	0	0	0
1946	0	0	0	0	0	0	0	0	0	0	0	0
1947	0	0	0	0	0	0	0	0	0	0	0	0
1948	0	0	0	0	0	0	0	0	0	0	0	0
1949	0	0	0	0	0	0	0	0	0	0	0	0
1950	0	0	0	0	0	0	0	0	0	0	0	0
1951	0	0	0	0	0	0	0	0	0	0	0	0
1952	0	0	0	0	0	0	0	0	0	0	0	0
1953	0	0	0	0	0	0	0	0	0	0	0	0
1954	0	0	0	0	0	0	0	0	0	0	0	0
1955	0	0	0	0	0	0	0	0	0	0	0	0
1956	0	0	0	0	0	0	0	0	0	0	0	0
1957	0	0	0	0	0	0	0	0	0	0	0	0
1958	0	0	0	0	0	0	0	0	0	0	0	0
1959	0	0	0	0	0	0	0	0	0	0	0	0
1960	0	0	0	0	0	0	0	0	0	0	0	0
1961	0	0	0	0	0	0	0	0	0	0	0	0
1962	0	0	0	0	0	0	0	0	0	0	0	0
1963	0	0	0	0	0	0	0	0	0	0	0	0
1964	0	0	0	0	0	0	0	0	0	0	0	0
1965	0	0	0	0	0	0	0	0	0	0	0	0
1966	0	0	0	0	0	0	0	0	0	0	0	0
1967	0	0	0	0	0	0	0	0	0	0	0	0
1968	0	0	0	0	0	0	0	0	0	0	0	0
1969	0	0	0	0	0	0	0	0	0	0	0	0
1970	0	0	0	0	0	0	0	0	0	0	0	0
1971	0	0	0	0	0	0	0	0	0	0	0	0
1972	0	0	0	0	0	0	0	0	0	0	0	0
1973	0	0	0	0	0	0	0	0	0	0	0	0
1974	0	0	0	0	0	0	0	0	0	0	0	0
1975	0	0	0	0	0	0	0	0	0	0	0	0
1976	0	0	0	0	0	0	0	0	0	0	0	0
1977	0	0	0	0	0	0	0	0	0	0	0	0
1978	0	0	0	0	0	0	0	0	0	0	0	0
1979	0	0	0	0	0	0	0	0	0	0	0	0
1980	0	0	0	0	0	0	0	0	0	0	0	0
1981	0	0	0	0	0	0	0	0	0	0	0	0
1982	0	0	0	0	0	0	0	0	0	0	0	0
1983	0	0	0	0	0	0	0	0	0	0	0	0
1984	0	0	0	0	0	0	0	0	0	0	0	0
1985	0	0	0	0	0	0	0	0	0	0	0	0
1986	0	0	0	0	0	0	0	0	0	0	0	0
1987	0	0	0	0	0	0	0	0	0	0	0	0
1988	0	0	0	0	0	0	0	0	0	0	0	0
1989	0	0	0	0	0	0	0	0	0	0	0	0
1990	0	0	0	0	0	0	0	0	0	0	0	0
1991	0	0	0	0	0	0	0	0	0	0	0	0
1992	0	0	0	0	0	0	0	0	0	0	0	0
1993	0	0	0	0	0	0	0	0	0	0	0	0
1994	0	0	0	0	0	0	0	0	0	0	0	0
1995	0	0	0	0	0	0	0	0	0	0	0	0
1996	0	0	0	0	0	0	0	0	0	0	0	0
1997	0	0	0	0	0	0	0	0	0	0	0	0
1998	0	0	0	0	0	0	0	0	0	0	0	0
1999	0	0	0	0	0	0	0	0	0	0	0	0
2000	0	0	0	0	0	0	0	0	0	0	0	0
2001	0	0	0	0	0	0	0	0	0	0	0	0
2002	0	0	0	0	0	0	0	0	0	0	0	0
2003	0	0	0	0	0	0	0	0	0	0	0	0
2004	0	0	0	0	0	0	0	0	0	0	0	0
2005	0	0	0	0	0	0	0	0	0	0	0	0
2006	0	0	0	0	0	0	0	0	0	0	0	0
2007	0	0	0	0	0	0	0	0	0	0	0	0
2008	0	0	0	0	0	0	0	0	0	0	0	0
2009	0	0	0	0	0	0	0	0	0	0	0	0
2010	0	0	0	0	0	0	0	0	0	0	0	0
2011	0	0	0	0	0	0	0	0	0	0	0	0
2012	0	0	0	0	0	0	0	0	0	0	0	0
2013	0	0	0	0	0	0	0	0	0	0	0	0
2014	0	0	0	0	0	0	0	0	0	0	0	0
2015	0	0	0	0	0	0	0	0	0	0	0	0
2016	0	0	0	0	0	0	0	0	0	0	0	0
2017	0	0	0	0	0	0	0	0	0	0	0	0
2018	0	0	0	0	0	0	0	0	0	0	0	0
2019	0	0	0	0	0	0	0	0	0	0	0	0
2020	0	0	0	0	0	0	0	0	0	0	0	0
2021	0	0	0	0	0	0	0	0	0	0	0	0
2022	0	0	0	0	0	0	0	0	0	0	0	0
2023	0	0	0	0	0	0	0	0	0	0	0	0
2024	0	0	0	0	0	0	0	0	0	0	0	0
2025	0	0	0	0	0	0	0	0	0	0	0	0
2026	0	0	0	0	0	0	0	0	0	0	0	0
2027	0	0	0	0	0	0	0	0	0	0	0	0
2028	0	0	0	0	0	0	0	0	0	0	0	0
2029	0	0	0	0	0	0	0	0	0	0	0	0
2030	0	0	0	0	0	0	0	0	0	0	0	0
2031	0	0	0	0	0	0	0	0	0	0	0	0
2032	0	0	0	0	0	0	0	0	0	0	0	0
2033	0	0	0	0	0	0	0	0	0	0	0	0
2034	0	0	0	0	0	0	0	0	0	0	0	0
2035	0	0	0	0	0	0	0	0	0	0	0	0
2036	0	0	0	0	0	0	0	0	0	0	0	0
2037	0	0	0	0	0	0	0	0	0	0	0	0
2038	0	0	0	0	0	0	0	0	0	0	0	0
2039	0	0	0	0	0	0	0	0	0	0	0	0
2040	0	0	0	0	0	0	0	0	0	0	0	0
2041	0	0	0	0	0	0	0	0	0	0	0	0
2042	0	0	0	0	0	0	0	0	0	0	0	0
2043	0	0	0	0	0	0	0	0	0	0	0	0
2044	0	0	0	0	0	0	0	0	0	0	0	0
2045	0	0	0	0	0	0	0	0	0	0	0	0
2046	0	0	0	0	0	0	0	0	0	0	0	0
2047	0	0	0	0	0	0	0	0	0	0	0	0
2048	0	0	0	0	0	0	0	0	0	0	0	0
2049	0	0	0	0	0	0	0	0	0	0	0	0
2050	0	0	0	0	0	0	0	0	0	0	0	0
2051	0	0	0	0	0	0	0	0	0	0	0	0
2052	0	0	0	0	0	0	0	0	0	0	0	0
2053	0	0	0	0	0	0	0	0	0	0	0	0
2054	0	0	0	0	0	0	0	0	0	0	0	0
2055	0	0	0	0	0	0	0	0	0	0	0	0
2056	0	0	0	0	0	0	0	0	0	0	0	0
2057	0	0	0	0	0	0	0	0	0	0	0	0
2058	0	0	0	0	0	0	0	0	0	0	0	0
2059	0	0	0	0	0	0	0	0	0	0	0	0
2060	0	0	0	0	0	0	0	0	0	0	0	0
2061	0	0	0	0	0	0	0	0	0	0	0	0
2062	0	0	0	0	0	0	0	0	0	0	0	0
2063	0	0	0	0	0	0	0	0	0	0	0	0
2064	0	0	0	0	0	0	0	0	0	0	0	0
2065	0	0	0	0	0	0	0	0	0	0	0	0
2066	0	0	0	0	0	0	0	0	0	0	0	0
2067	0	0	0	0	0	0	0	0	0	0	0	0
2068	0	0	0	0	0	0	0	0	0	0	0	0
2069	0	0	0	0	0	0	0	0	0	0	0	0
2070	0	0	0	0	0	0	0	0	0	0	0	0
2071	0	0	0	0	0	0	0	0	0	0	0	0
2072	0	0	0	0	0	0	0	0	0	0	0	0
2073	0	0	0	0	0	0	0	0	0	0	0	0
2074	0	0	0	0	0	0	0	0	0	0	0	0
2075	0	0	0	0	0	0	0	0	0	0	0	0
2076	0	0	0	0	0	0	0	0	0	0	0	0
2077	0	0	0	0	0	0	0	0	0	0	0	0
2078	0	0	0	0	0	0	0	0	0	0	0	0
2079	0	0	0	0	0	0	0	0	0	0	0	0
2080	0	0	0	0	0	0	0	0	0	0	0	0
2081	0	0	0	0	0	0	0	0	0	0	0	0
2082	0	0	0	0	0	0	0	0	0	0	0	0
2083	0	0	0	0	0	0	0	0	0	0	0	0
2084	0	0	0	0	0	0	0	0	0	0	0	0
2085	0	0	0	0	0	0	0	0	0	0	0	0
2086	0	0	0	0	0	0	0	0	0	0	0	0
2087	0	0	0	0	0	0	0	0	0	0	0	0
2088	0	0	0	0	0	0	0	0	0	0	0	0
2089	0	0	0	0	0	0	0	0	0	0	0	0
2090	0	0	0	0	0	0	0	0	0	0	0	0
2091	0	0	0	0	0	0	0	0	0	0	0	0
2092	0	0	0	0	0	0	0	0	0	0	0	0
2093	0	0	0	0	0	0	0	0	0	0	0	0
2094	0	0	0	0	0	0	0	0	0	0	0	0
2095	0	0	0	0	0	0	0	0	0	0	0	0
2096	0	0	0	0	0	0	0	0	0	0	0	0
2097	0	0	0	0	0	0	0	0	0	0	0	0
2098	0	0	0	0	0	0	0	0	0	0	0	0
2099	0	0	0	0	0	0	0	0	0	0	0	0
2100	0	0	0	0	0	0	0	0	0	0	0	0
2101	0	0	0	0	0	0	0	0	0	0	0	0
2102	0	0	0	0	0	0	0	0	0	0	0	0
2103	0	0	0	0	0	0	0	0	0	0	0	0
2104	3.0375	0	30	0	0	0	0	0	0	0	0	0
2105	0	0	0	0	0	0	0	0	0	0	0	0
2106	0	0	0	0	0	0	0	0	0	0	0	0
2107	0	0	0	0	0	0	0	0	0	0	0	0
2108	0	0	0	0	0	0	0	0	0	0	0	0
2109	0	0	0	0	0	0	0	0	0	0	0	0
2110	0	0	0	0	0	0	0	0	0	0	0	0
2111	0	0	0	0	0	0	0	0	0	0	0	0
2112	0	0	0	0	0	0	0	0	0	0	0	0
2113	0	0	0	0	0	0	0	0	0	0	0	0
2114	0	0	0	0	0	0	0	0	0	0	0	0
2115	0	0	0	0	0	0	0	0	0	0	0	0
2116	0	0	0	0	0	0	0	0	0	0	0	0
2117	0	0	0	0	0	0	0	0	0	0	0	0
2118	0	0	0	0	0	0	0	0	0	0	0	0
2119	0	0	0	0	0	0	0	0	0	0	0	0
2120	0	0	0	0	0	0	0	0	0	0	0	0
2121	0	0	0	0	0	0	0	0	0	0	0	0
2122	0	0	0	0	0	0	0	0	0	0	0	0
2123	0	0	0	0	0	0	0	0	0	0	0	0
2124	0	0	0	0	0	0	0	0	0	0	0	0
2125	0	0	0	0	0	0	0	0	0	0	0	0
2126	0	0	0	0	0	0	0	0	0	0	0	0
2127	0	0	0	0	0	0	0	0	0	0	0	0
2128	0	0	0	0	0	0	0	0	0	0	0	0
2129	0	0	0	0	0	0	0	0	0	0	0	0
2130	0	0	0	0	0	0	0	0	0	0	0	0
2131	0	0	0	0	0	0	0	0	0	0	0	0
2132	0	0	0	0	0	0	0	0	0	0	0	0
2133	0	0	0	0	0	0	0	0	0	0	0	0
2134	0	0	0	0	0	0	0	0	0	0	0	0
2135	0	0	0	0	0	0	0	0	0	0	0	0
2136	0	0	0	0	0	0	0	0	0	0	0	0
2137	0	0	0	0	0	0	0	0	0	0	0	0
2138	0	0	0	0	0	0	0	0	0	0	0	0
2139	0	0	0	0	0	0	0	0	0	0	0	0
2140	0	0	0	0	0	0	0	0	0	0	0	0
2141	0	0	0	0	0	0	0	0	0	0	0	0
2142	0	0	0	0	0	0	0	0	0	0	0	0
2143	0	0	0	0	0	0	0	0	0	0	0	0
2144	0	0	0	0	0	0	0	0	0	0	0	0
2145	0	0	0	0	0	0	0	0	0	0	0	0
2146	0	0	0	0	0	0	0	0	0	0	0	0
2147	0	0	0	0	0	0	0	0	0	0	0	0
2148	0	0	0	0	0	0	0	0	0	0	0	0
2149	0	0	0	0	0	0	0	0	0	0	0	0
2150	0	0	0	0	0	0	0	0	0	0	0	0
2151	0	0	0	0	0	0	0	0	0	0	0	0
2152	0	0	0	0	0	0	0	0	0	0	0	0
2153	0	0	0	0	0	0	0	0	0	0	0	0
2154	0	0	0	0	0	0	0	0	0	0	0	0
2155	0	0	0	0	0	0	0	0	0	0	0	0
2156	0	0	0	0	0	0	0	0	0	0	0	0
2157	0	0	0	0	0	0	0	0	0	0	0	0
2158	0	0	0	0	0	0	0	0	0	0	0	0
2159	0	0	0	0	0	0	0	0	0	0	0	0
2160	0	0	0	0	0	0	0	0	0	0	0	0
2161	0	0	0	0	0	0	0	0	0	0	0	0
2162	0	0	0	0	0	0	0	0	0	0	0	0
2163	0	0	0	0	0	0	0	0	0	0	0	0
2164	0	0	0	0	0	0	0	0	0	0	0	0
2165	0	0	0	0	0	0	0	0	0	0	0	0
2166	0	0	0	0	0	0	0	0	0	0	0	0
2167	0	0	0	0	0	0	0	0	0	0	0	0
2168	0	0	0	0	0	0	0	0	0	0	0	0
2169	0	0	0	0	0	0	0	0	0	0	0	0
2170	0	0	0	0	0	0	0	0	0	0	0	0
2171	0	0	0	0	0	0	0	0	0	0	0	0
2172	0	0	0	0	0	0	0	0	0	0	0	0
2173	0	0	0	0	0	0	0	0	0	0	0	0
2174	0	0	0	0	0	0	0	0	0	0	0	0
2175	0	0	0	0	0	0	0	0	0	0	0	0
2176	0	0	0	0	0	0	0	0	0	0	0	0
2177	0	0	0	0	0	0	0	0	0	0	0	0
2178	0	0	0	0	0	0	0	0	0	0	0	0
2179	0	0	0	0	0	0	0	0	0	0	0	0
2180	0	0	0	0	0	0	0	0	0	0	0	0
2181	0	0	0	0	0	0	0	0	0	0	0	0
2182	0	0	0	0	0	0	0	0	0	0	0	0
2183	0	0	0	0	0	0	0	0	0	0	0	0
2184	0	0	0	0	0	0	0	0	0	0	0	0
2185	0	0	0	0	0	0	0	0	0	0	0	0
2186	0	0	0	0	0	0	0	0	0	0	0	0
2187	0	0	0	0	0	0	0	0	0	0	0	0
2188	0	0	0	0	0	0	0	0	0	0	0	0
2189	0	0	0	0	0	0	0	0	0	0	0	0
2190	0	0	0	0	0	0	0	0	0	0	0	0
2191	0	0	0	0	0	0	0	0	0	0	0	0
2192	0	0	0	0	0	0	0	0	0	0	0	0
2193	0	0	0	0	0	0	0	0	0	0	0	0
2194	0	0	0	0	0	0	0	0	0	0	0	0
2195	0	0	0	0	0	0	0	0	0	0	0	0
2196	0	0	0	0	0	0	0	0	0	0	0	0
2197	0	0	0	0	0	0	0	0	0	0	0	0
2198	0	0	0	0	0	0	0	0	0	0	0	0
2199	0	0	0	0	0	0	0	0	0	0	0	0
2200	0	0	0	0	0	0	0	0	0	0	0	0
2201	0	0	0	0	0	0	0	0	0	0	0	0
2202	0	0	0	0	0	0	0	0	0	0	0	0
2203	0	0	0	0	0	0	0	0	0	0	0	0
2204	0	0	0	0	0	0	0	0	0	0	0	0
2205	0	0	0	0	0	0	0	0	0	0	0	0
2206	0	0	0	0	0	0	0	0	0	0	0	0
2207	0	0	0	0	0	0	0	0	0	0	0	0
2208	0	0	0	0	0	0	0	0	0	0	0	0
2209	0	0	0	0	0	0	0	0	0	0	0	0
2210	0	0	0	0	0	0	0	0	0	0	0	0
2211	0	0	0	0	0	0	0	0	0	0	0	0
2212	0	0	0	0	0	0	0	0	0	0	0	0
2213	0	0	0	0	0	0	0	0	0	0	0	0
2214	0	0	0	0	0	0	0	0	0	0	0	0
2215	0	0	0	0	0	0	0	0	0	0	0	0
2216	0	0	0	0	0	0	0	0	0	0	0	0
2217	0	0	0	0	0	0	0	0	0	0	0	0
2218	0	0	0	0	0	0	0	0	0	0	0	0
2219	0	0	0	0	0	0	0	0	0	0	0	0
2220	0	0	0	0	0	0	0	0	0	0	0	0
2221	0	0	0	0	0	0	0	0	0	0	0	0
2222	0	0	0	0	0	0	0	0	0	0	0	0
2223	0	0	0	0	0	0	0	0	0	0	0	0
2224	0	0	0	0	0	0	0	0	0	0	0	0
2225	0	0	0	0	0	0	0	0	0	0	0	0
2226	0	0	0	0	0	0	0	0	0	0	0	0
2227	0	0	0	0	0	0	0	0	0	0	0	0
2228	0	0	0	0	0	0	0	0	0	0	0	0
2229	0	0	0	0	0	0	0	0	0	0	0	0
2230	0	0	0	0	0	0	0	0	0	0	0	0
2231	0	0	0	0	0	0	0	0	0	0	0	0
2232	0	0	0	0	0	0	0	0	0	0	0	0
2233	0	0	0	0	0	0	0	0	0	0	0	0
2234	0	0	0	0	0	0	0	0	0	0	0	0
2235	0	0	0	0	0	0	0	0	0	0	0	0
2236	0	0	0	0	0	0	0	0	0	0	0	0
2237	0	0	0	0	0	0	0	0	0	0	0	0
2238	0	0	0	0	0	0	0	0	0	0	0	0
2239	0	0	0	0	0	0	0	0	0	0	0	0
2240	0	0	0	0	0	0	0	0	0	0	0	0
2241	0	0	0	0	0	0	0	0	0	0	0	0
2242	0	0	0	0	0	0	0	0	0	0	0	0
2243	0	0	0	0	0	0	0	0	0	0	0	0
2244	0	0	0	0	0	0	0	0	0	0	0	0
2245	0	0	0	0	0	0	0	0	0	0	0	0
2246	0	0	0	0	0	0	0	0	0	0	0	0
2247	0	0	0	0	0	0	0	0	0	0	0	0
2248	0	0	0	0	0	0	0	0	0	0	0	0
2249	0	0	0	0	0	0	0	0	0	0	0	0
2250	0	0	0	0	0	0	0	0	0	0	0	0
2251	0	0	0	0	0	0	0	0	0	0	0	0
2252	0	0	0	0	0	0	0	0	0	0	0	0
2253	0	0	0	0	0	0	0	0	0	0	0	0
2254	0	0	0	0	0	0	0	0	0	0	0	0
2255	0	0	0	0	0	0	0	0	0	0	0	0
2256	0	0	0	0	0	0	0	0	0	0	0	0
2257	0	0	0	0	0	0	0	0	0	0	0	0
2258	0	0	0	0	0	0	0	0	0	0	0	0
2259	0	0	0	0	0	0	0	0	0	0	0	0
2260	0	0	0	0	0	0	0	0	0	0	0	0
2261	0	0	0	0	0	0	0	0	0	0	0	0
2262	0	0	0	0	0	0	0	0	0	0	0	0
2263	0	0	0	0	0	0	0	0	0	0	0	0
2264	0	0	0	0	0	0	0	0	0	0	0	0
2265	0	0	0	0	0	0	0	0	0	0	0	0
2266	0	0	0	0	0	0	0	0	0	0	0	0
2267	0	0	0	0	0	0	0	0	0	0	0	0
2268	0	0	0	0	0	0	0	0	0	0	0	0
2269	0	0	0	0	0	0	0	0	0	0	0	0
2270	0	0	0	0	0	0	0	0	0	0	0	0
2271	0	0	0	0	0	0	0	0	0	0	0	0
2272	0	0	0	0	0	0	0	0	0	0	0	0
2273	0	0	0	0	0	0	0	0	0	0	0	0
2274	0	0	0	0	0	0	0	0	0	0	0	0
2275	0	0	0	0	0	0	0	0	0	0	0	0
2276	0	0	0	0	0	0	0	0	0	0	0	0
2277	0	0	0	0	0	0	0	0	0	0	0	0
2278	0	0	0	0	0	0	0	0	0	0	0	0
2279	0	0	0	0	0	0	0	0	0	0	0	0
2280	0	0	0	0	0	0	0	0	0	0	0	0
2281	0	0	0	0	0	0	0	0	0	0	0	0
2282	0	0	0	0	0	0	0	0	0	0	0	0
2283	0	0	0	0	0	0	0	0	0	0	0	0
2284	0	0	0	0	0	0	0	0	0	0	0	0
2285	0	0	0	0	0	0	0	0	0	0	0	0
2286	0	0	0	0	0	0	0	0	0	0	0	0
2287	0	0	0	0	0	0	0	0	0	0	0	0
2288	0	0	0	0	0	0	0	0	0	0	0	0
2289	0	0	0	0	0	0	0	0	0	0	0	0
2290	0	0	0	0	0	0	0	0	0	0	0	0
2291	0	0	0	0	0	0	0	0	0	0	0	0
2292	0	0	0	0	0	0	0	0	0	0	0	0
2293	0	0	0	0	0	0	0	0	0	0	0	0
2294	0	0	0	0	0	0	0	0	0	0	0	0
2295	0	0	0	0	0	0	0	0	0	0	0	0
2296	0	0	0	0	0	0	0	0	0	0	0	0
2297	0	0	0	0	0	0	0	0	0	0	0	0
2298	0	0	0	0	0	0	0	0	0	0	0	0
2299	0	0	0	0	0	0	0	0	0	0	0	0
2300	0	0	0	0	0	0	0	0	0	0	0	0
2301	0	0	0	0	0	0	0	0	0	0	0	0
2302	0	0	0	0	0	0	0	0	0	0	0	0
2303	0	0	0	0	0	0	0	0	0	0	0	0
2304	0	0	0	0	0	0	0	0	0	0	0	0
2305	0	0	0	0	0	0	0	0	0	0	0	0
2306	0	0	0	0	0	0	0	0	0	0	0	0
2307	0	0	0	0	0	0	0	0	0	0	0	0
2308	0	0	0	0	0	0	0	0	0	0	0	0
2309	0	0	0	0	0	0	0	0	0	0	0	0
2310	0	0	0	0	0	0	0	0	0	0	0	0
2311	0	0	0	0	0	0	0	0	0	0	0	0
2312	0	0	0	0	0	0	0	0	0	0	0	0
2313	0	0	0	0	0	0	0	0	0	0	0	0
2314	0	0	0	0	0	0	0	0	0	0	0	0
2315	0	0	0	0	0	0	0	0	0	0	0	0
2316	0	0	0	0	0	0	0	0	0	0	0	0
2317	0	0	0	0	0	0	0	0	0	0	0	0
2318	0	0	0	0	0	0	0	0	0	0	0	0
2319	0	0	0	0	0	0	0	0	0	0	0	0
2320	0	0	0	0	0	0	0	0	0	0	0	0
2321	0	0	0	0	0	0	0	0	0	0	0	0
2322	0	0	0	0	0	0	0	0	0	0	0	0
2323	0	0	0	0	0	0	0	0	0	0	0	0
2324	0	0	0	0	0	0	0	0	0	0	0	0
2325	0	0	0	0	0	0	0	0	0	0	0	0
2326	0	0	0	0	0	0	0	0	0	0	0	0
2327	0	0	0	0	0	0	0	0	0	0	0	0
2328	0	0	0	0	0	0	0	0	0	0	0	0
2329	0	0	0	0	0	0	0	0	0	0	0	0
2330	0	0	0	0	0	0	0	0	0	0	0	0
2331	0	0	0	0	0	0	0	0	0	0	0	0
2332	0	0	0	0	0	0	0	0	0	0	0	0
2333	0	0	0	0	0	0	0	0	0	0	0	0
2334	0	0	0	0	0	0	0	0	0	0	0	0
2335	0	0	0	0	0	0	0	0	0	0	0	0
2336	0	0	0	0	0	0	0	0	0	0	0	0
2337	0	0	0	0	0	0	0	0	0	0	0	0
2338	0	0	0	0	0	0	0	0	0	0	0	0
2339	0	0	0	0	0	0	0	0	0	0	0	0
2340	0	0	0	0	0	0	0	0	0	0	0	0
2341	0	0	0	0	0	0	0	0	0	0	0	0
2342	0	0	0	0	0	0	0	0	0	0	0	0
2343	0	0	0	0	0	0	0	0	0	0	0	0
2344	0	0	0	0	0	0	0	0	0	0	0	0
2345	0	0	0	0	0	0	0	0	0	0	0	0
2346	0	0	0	0	0	0	0	0	0	0	0	0
2347	0	0	0	0	0	0	0	0	0	0	0	0
2348	0	0	0	0	0	0	0	0	0	0	0	0
2349	0	0	0	0	0	0	0	0	0	0	0	0
2350	0	0	0	0	0	0	0	0	0	0	0	0
2351	0	0	0	0	0	0	0	0	0	0	0	0
2352	0	0	0	0	0	0	0	0	0	0	0	0
2353	0	0	0	0	0	0	0	0	0	0	0	0
2354	0	0	0	0	0	0	0	0	0	0	0	0
2355	0	0	0	0	0	0	0	0	0	0	0	0
2356	0	0	0	0	0	0	0	0	0	0	0	0
2357	0	0	0	0	0	0	0	0	0	0	0	0
2358	0	0	0	0	0	0	0	0	0	0	0	0
2359	0	0	0	0	0	0	0	0	0	0	0	0
2360	0	0	0	0	0	0	0	0	0	0	0	0
2361	0	0	0	0	0	0	0	0	0	0	0	0
2362	0	0	0	0	0	0	0	0	0	0	0	0
2363	0	0	0	0	0	0	0	0	0	0	0	0
2364	0	0	0	0	0	0	0	0	0	0	0	0
2365	0	0	0	0	0	0	0	0	0	0	0	0
2366	0	0	0	0	0	0	0	0	0	0	0	0
2367	0	0	0	0	0	0	0	0	0	0	0	0
2368	0	0	0	0	0	0	0	0	0	0	0	0
2369	0	0	0	0	0	0	0	0	0	0	0	0
2370	0	0	0	0	0	0	0	0	0	0	0	0
2371	0	0	0	0	0	0	0	0	0	0	0	0
2372	0	0	0	0	0	0	0	0	0	0	0	0
2373	0	0	0	0	0	0	0	0	0	0	0	0
2374	0	0	0	0	0	0	0	0	0	0	0	0
2375	0	0	0	0	0	0	0	0	0	0	0	0
2376	0	0	0	0	0	0	0	0	0	0	0	0
2377	0	0	0	0	0	0	0	0	0	0	0	0
2378	0	0	0	0	0	0	0	0	0	0	0	0
2379	0	0	0	0	0	0	0	0	0	0	0	0
2380	0	0	0	0	0	0	0	0	0	0	0	0
2381	0	0	0	0	0	0	0	0	0	0	0	0
2382	0	0	0	0	0	0	0	0	0	0	0	0
2383	0	0	0	0	0	0	0	0	0	0	0	0
2384	0	0	0	0	0	0	0	0	0	0	0	0
2385	0	0	0	0	0	0	0	0	0	0	0	0
2386	0	0	0	0	0	0	0	0	0	0	0	0
2387	0	0	0	0	0	0	0	0	0	0	0	0
2388	0	0	0	0	0	0	0	0	0	0	0	0
2389	0	0	0	0	0	0	0	0	0	0	0	0
2390	0	0	0	0	0	0	0	0	0	0	0	0
2391	0	0	0	0	0	0	0	0	0	0	0	0
2392	0	0	0	0	0	0	0	0	0	0	0	0
2393	0	0	0	0	0	0	0	0	0	0	0	0
2394	0	0	0	0	0	0	0	0	0	0	0	0
2395	0	0	0	0	0	0	0	0	0	0	0	0
2396	0	0	0	0	0	0	0	0	0	0	0	0
2397	0	0	0	0	0	0	0	0	0	0	0	0
2398	0	0	0	0	0	0	0	0	0	0	0	0
2399	0	0	0	0	0	0	0	0	0	0	0	0
2400	0	0	0	0	0	0	0	0	0	0	0	0
2401	0	0	0	0	0	0	0	0	0	0	0	0
2402	0	0	0	0	0	0	0	0	0	0	0	0
2403	0	0	0	0	0	0	0	0	0	0	0	0
2404	0	0	0	0	0	0	0	0	0	0	0	0
2405	0	0	0	0	0	0	0	0	0	0	0	0
2406	0	0	0	0	0	0	0	0	0	0	0	0
2407	0	0	0	0	0	0	0	0	0	0	0	0
2408	0	0	0	0	0	0	0	0	0	0	0	0
2409	0	0	0	0	0	0	0	0	0	0	0	0
2410	0	0	0	0	0	0	0	0	0	0	0	0
2411	0	0	0	0	0	0	0	0	0	0	0	0
2412	0	0	0	0	0	0	0	0	0	0	0	0
2413	0	0	0	0	0	0	0	0	0	0	0	0
2414	0	0	0	0	0	0	0	0	0	0	0	0
2415	0	0	0	0	0	0	0	0	0	0	0	0
2416	0	0	0	0	0	0	0	0	0	0	0	0
2417	0	0	0	0	0	0	0	0	0	0	0	0
2418	0	0	0	0	0	0	0	0	0	0	0	0
2419	0	0	0	0	0	0	0	0	0	0	0	0
2420	0	0	0	0	0	0	0	0	0	0	0	0
2421	0	0	0	0	0	0	0	0	0	0	0	0
2422	0	0	0	0	0	0	0	0	0	0	0	0
2423	0	0	0	0	0	0	0	0	0	0	0	0
2424	0	0	0	0	0	0	0	0	0	0	0	0
2425	0	0	0	0	0	0	0	0	0	0	0	0
2426	0	0	0	0	0	0	0	0	0	0	0	0
2427	0	0	0	0	0	0	0	0	0	0	0	0
2428	0	0	0	0	0	0	0	0	0	0	0	0
2429	0	0	0	0	0	0	0	0	0	0	0	0
2430	0	0	0	0	0	0	0	0	0	0	0	0
2431	0	0	0	0	0	0	0	0	0	0	0	0
2432	0	0	0	0	0	0	0	0	0	0	0	0
2433	0	0	0	0	0	0	0	0	0	0	0	0
2434	0	0	0	0	0	0	0	0	0	0	0	0
2435	0	0	0	0	0	0	0	0	0	0	0	0
2436	0	0	0	0	0	0	0	0	0	0	0	0
2437	0	0	0	0	0	0	0	0	0	0	0	0
2438	0	0	0	0	0	0	0	0	0	0	0	0
2439	0	0	0	0	0	0	0	0	0	0	0	0
2440	0	0	0	0	0	0	0	0	0	0	0	0
2441	0	0	0	0	0	0	0	0	0	0	0	0
2442	0	0	0	0	0	0	0	0	0	0	0	0
2443	0	0	0	0	0	0	0	0	0	0	0	0
2444	0	0	0	0	0	0	0	0	0	0	0	0
2445	0	0	0	0	0	0	0	0	0	0	0	0
2446	0	0	0	0	0	0	0	0	0	0	0	0
2447	0	0	0	0	0	0	0	0	0	0	0	0
2448	0	0	0	0	0	0	0	0	0	0	0	0
2449	0	0	0	0	0	0	0	0	0	0	0	0
2450	0	0	0	0	0	0	0	0	0	0	0	0
2451	0	0	0	0	0	0	0	0	0	0	0	0
2452	0	0	0	0	0	0	0	0	0	0	0	0
2453	0	0	0	0	0	0	0	0	0	0	0	0
2454	0	0	0	0	0	0	0	0	0	0	0	0
2455	0	0	0	0	0	0	0	0	0	0	0	0
2456	0	0	0	0	0	0	0	0	0	0	0	0
2457	0	0	0	0	0	0	0	0	0	0	0	0
2458	0	0	0	0	0	0	0	0	0	0	0	0
2459	0	0	0	0	0	0	0	0	0	0	0	0
2460	0	0	0	0	0	0	0	0	0	0	0	0
2461	0	0	0	0	0	0	0	0	0	0	0	0
2462	0	0	0	0	0	0	0	0	0	0	0	0
2463	0	0	0	0	0	0	0	0	0	0	0	0
2464	0	0	0	0	0	0	0	0	0	0	0	0
2465	0	0	0	0	0	0	0	0	0	0	0	0
2466	0	0	0	0	0	0	0	0	0	0	0	0
2467	0	0	0	0	0	0	0	0	0	0	0	0
2468	0	0	0	0	0	0	0	0	0	0	0	0
2469	0	0	0	0	0	0	0	0	0	0	0	0
2470	0	0	0	0	0	0	0	0	0	0	0	0
2471	0	0	0	0	0	0	0	0	0	0	0	0
2472	0	0	0	0	0	0	0	0	0	0	0	0
2473	0	0	0	0	0	0	0	0	0	0	0	0
2474	0	0	0	0	0	0	0	0	0	0	0	0
2475	0	0	0	0	0	0	0	0	0	0	0	0
2476	0	0	0	0	0	0	0	0	0	0	0	0
2477	0	0	0	0	0	0	0	0	0	0	0	0
2478	0	0	0	0	0	0	0	0	0	0	0	0
2479	0	0	0	0	0	0	0	0	0	0	0	0
2480	0	0	0	0	0	0	0	0	0	0	0	0
2481	0	0	0	0	0	0	0	0	0	0	0	0
2482	0	0	0	0	0	0	0	0	0	0	0	0
2483	0	0	0	0	0	0	0	0	0	0	0	0
2484	0	0	0	0	0	0	0	0	0	0	0	0
2485	0	0	0	0	0	0	0	0	0	0	0	0
2486	0	0	0	0	0	0	0	0	0	0	0	0
2487	0	0	0	0	0	0	0	0	0	0	0	0
2488	0	0	0	0	0	0	0	0	0	0	0	0
2489	0	0	0	0	0	0	0	0	0	0	0	0
2490	0	0	0	0	0	0	0	0	0	0	0	0
2491	0	0	0	0	0	0	0	0	0	0	0	0
2492	0	0	0	0	0	0	0	0	0	0	0	0
2493	0	0	0	0	0	0	0	0	0	0	0	0
2494	0	0	0	0	0	0	0	0	0	0	0	0
2495	0	0	0	0	0	0	0	0	0	0	0	0
2496	0	0	0	0	0	0	0	0	0	0	0	0
2497	0	0	0	0	0	0	0	0	0	0	0	0
2498	0	0	0	0	0	0	0	0	0	0	0	0
2499	0	0	0	0	0	0	0	0	0	0	0	0
2500	0	0	0	0	0	0	0	0	0	0	0	0
2501	0	0	0	0	0	0	0	0	0	0	0	0
2502	0	0	0	0	0	0	0	0	0	0	0	0
2503	0	0	0	0	0	0	0	0	0	0	0	0
2504	0	0	0	0	0	0	0	0	0	0	0	0
2505	0	0	0	0	0	0	0	0	0	0	0	0
2506	0	0	0	0	0	0	0	0	0	0	0	0
2507	0	0	0	0	0	0	0	0	0	0	0	0
2508	0	0	0	0	0	0	0	0	0	0	0	0
2509	0	0	0	0	0	0	0	0	0	0	0	0
2510	0	0	0	0	0	0	0	0	0	0	0	0
2511	0	0	0	0	0	0	0	0	0	0	0	0
2512	0	0	0	0	0	0	0	0	0	0	0	0
2513	0	0	0	0	0	0	0	0	0	0	0	0
2514	0	0	0	0	0	0	0	0	0	0	0	0
2515	0	0	0	0	0	0	0	0	0	0	0	0
2516	0	0	0	0	0	0	0	0	0	0	0	0
2517	0	0	0	0	0	0	0	0	0	0	0	0
2518	0	0	0	0	0	0	0	0	0	0	0	0
2519	0	0	0	0	0	0	0	0	0	0	0	0
2520	0	0	0	0	0	0	0	0	0	0	0	0
2521	0	0	0	0	0	0	0	0	0	0	0	0
2522	0	0	0	0	0	0	0	0	0	0	0	0
2523	0	0	0	0	0	0	0	0	0	0	0	0
2524	0	0	0	0	0	0	0	0	0	0	0	0
2525	0	0	0	0	0	0	0	0	0	0	0	0
2526	0	0	0	0	0	0	0	0	0	0	0	0
2527	0	0	0	0	0	0	0	0	0	0	0	0
2528	0	0	0	0	0	0	0	0	0	0	0	0
2529	0	0	0	0	0	0	0	0	0	0	0	0
2530	0	0	0	0	0	0	0	0	0	0	0	0
2531	0	0	0	0	0	0	0	0	0	0	0	0
2532	0	0	0	0	0	0	0	0	0	0	0	0
2533	0	0	0	0	0	0	0	0	0	0	0	0
2534	0	0	0	0	0	0	0	0	0	0	0	0
2535	0	0	0	0	0	0	0	0	0	0	0	0
2536	0	0	0	0	0	0	0	0	0	0	0	0
2537	0	0	0	0	0	0	0	0	0	0	0	0
2538	0	0	0	0	0	0	0	0	0	0	0	0
2539	0	0	0	0	0	0	0	0	0	0	0	0
2540	0	0	0	0	0	0	0	0	0	0	0	0
2541	0	0	0	0	0	0	0	0	0	0	0	0
2542	0	0	0	0	0	0	0	0	0	0	0	0
2543	0	0	0	0	0	0	0	0	0	0	0	0
2544	0	0	0	0	0	0	0	0	0	0	0	0
2545	0	0	0	0	0	0	0	0	0	0	0	0
2546	0	0	0	0	0	0	0	0	0	0	0	0
2547	0	0	0	0	0	0	0	0	0	0	0	0
2548	0	0	0	0	0	0	0	0	0	0	0	0
2549	0	0	0	0	0	0	0	0	0	0	0	0
2550	0	0	0	0	0	0	0	0	0	0	0	0
2551	0	0	0	0	0	0	0	0	0	0	0	0
2552	0	0	0	0	0	0	0	0	0	0	0	0
2553	0	0	0	0	0	0	0	0	0	0	0	0
2554	0	0	0	0	0	0	0	0	0	0	0	0
2555	0	0	0	0	0	0	0	0	0	0	0	0
2556	0	0	0	0	0	0	0	0	0	0	0	0
2557	0	0	0	0	0	0	0	0	0	0	0	0
2558	0	0	0	0	0	0	0	0	0	0	0	0
2559	0	0	0	0	0	0	0	0	0	0	0	0
2560	0	0	0	0	0	0	0	0	0	0	0	0
2561	0	0	0	0	0	0	0	0	0	0	0	0
2562	0	0	0	0	0	0	0	0	0	0	0	0
2563	0	0	0	0	0	0	0	0	0	0	0	0
2564	0	0	0	0	0	0	0	0	0	0	0	0
2565	0	0	0	0	0	0	0	0	0	0	0	0
2566	0	0	0	0	0	0	0	0	0	0	0	0
2567	0	0	0	0	0	0	0	0	0	0	0	0
2568	0	0	0	0	0	0	0	0	0	0	0	0
2569	0	0	0	0	0	0	0	0	0	0	0	0
2570	0	0	0	0	0	0	0	0	0	0	0	0
2571	0	0	0	0	0	0	0	0	0	0	0	0
2572	0	0	0	0	0	0	0	0	0	0	0	0
2573	0	0	0	0	0	0	0	0	0	0	0	0
2574	0	0	0	0	0	0	0	0	0	0	0	0
2575	0	0	0	0	0	0	0	0	0	0	0	0
2576	0	0	0	0	0	0	0	0	0	0	0	0
2577	0	0	0	0	0	0	0	0	0	0	0	0
2578	0	0	0	0	0	0	0	0	0	0	0	0
2579	0	0	0	0	0	0	0	0	0	0	0	0
2580	0	0	0	0	0	0	0	0	0	0	0	0
